Nama Pos,Kabupaten,Kecamatan,Tanggal,Jan,Feb,Mar,Apr,Mei,Jun,Jul,Ags,Sep,Okt,Nov,Des
Greneng Provinsi :Jawa Tengah,Blora,Banyurejo,1,9.0,7.0,0.0,0.0,0.0,0.0,0.0,0.0,0.0,15.0,0.0,22.0
Greneng Provinsi :Jawa Tengah,Blora,Banyurejo,2,0.0,0.0,4.0,11.0,0.0,0.0,0.0,0.0,0.0,0.0,9.0,28.0
Greneng Provinsi :Jawa Tengah,Blora,Banyurejo,3,6.0,0.0,0.0,0.0,0.0,0.0,0.0,0.0,0.0,22.0,0.0,0.0
Greneng Provinsi :Jawa Tengah,Blora,Banyurejo,4,0.0,15.0,0.0,2.0,3.0,0.0,0.0,0.0,0.0,12.0,0.0,2.0
Greneng Provinsi :Jawa Tengah,Blora,Banyurejo,5,0.0,2.0,0.0,14.0,0.0,0.0,0.0,0.0,0.0,0.0,2.0,3.0
Greneng Provinsi :Jawa Tengah,Blora,Banyurejo,6,0.0,6.0,6.0,14.0,0.0,12.0,6.0,0.0,0.0,0.0,44.0,20.0
Greneng Provinsi :Jawa Tengah,Blora,Banyurejo,7,10.0,0.0,7.0,6.0,0.0,0.0,18.0,0.0,0.0,4.0,98.0,0.0
Greneng Provinsi :Jawa Tengah,Blora,Banyurejo,8,2.0,0.0,72.0,0.0,6.0,5.0,0.0,0.0,0.0,2.0,2.0,0.0
Greneng Provinsi :Jawa Tengah,Blora,Banyurejo,9,0.0,5.0,0.0,16.0,6.0,0.0,0.0,0.0,0.0,0.0,0.0,0.0
Greneng Provinsi :Jawa Tengah,Blora,Banyurejo,10,3.0,5.0,3.0,0.0,0.0,8.0,0.0,0.0,0.0,17.0,24.0,27.0
Greneng Provinsi :Jawa Tengah,Blora,Banyurejo,11,0.0,0.0,12.0,0.0,0.0,0.0,0.0,0.0,25.0,0.0,8.0,0.0
Greneng Provinsi :Jawa Tengah,Blora,Banyurejo,12,0.0,0.0,0.0,4.0,0.0,0.0,0.0,0.0,0.0,0.0,18.0,0.0
Greneng Provinsi :Jawa Tengah,Blora,Banyurejo,13,4.0,2.0,6.0,76.0,0.0,0.0,0.0,0.0,0.0,17.0,55.0,0.0
Greneng Provinsi :Jawa Tengah,Blora,Banyurejo,14,0.0,12.0,7.0,0.0,0.0,0.0,2.0,18.0,0.0,12.0,0.0,0.0
Greneng Provinsi :Jawa Tengah,Blora,Banyurejo,15,0.0,0.0,4.0,0.0,19.0,0.0,0.0,0.0,0.0,77.0,0.0,42.0
Greneng Provinsi :Jawa Tengah,Blora,Banyurejo,16,0.0,5.0,19.0,0.0,0.0,0.0,11.0,2.0,0.0,28.0,21.0,56.0
Greneng Provinsi :Jawa Tengah,Blora,Banyurejo,17,0.0,21.0,0.0,0.0,0.0,12.0,10.0,0.0,0.0,0.0,0.0,45.0
Greneng Provinsi :Jawa Tengah,Blora,Banyurejo,18,0.0,0.0,0.0,3.0,0.0,0.0,0.0,0.0,0.0,3.0,14.0,12.0
Greneng Provinsi :Jawa Tengah,Blora,Banyurejo,19,0.0,22.0,0.0,0.0,6.0,0.0,0.0,0.0,0.0,17.0,0.0,5.0
Greneng Provinsi :Jawa Tengah,Blora,Banyurejo,20,7.0,0.0,60.0,19.0,11.0,0.0,0.0,0.0,0.0,5.0,0.0,11.0
Greneng Provinsi :Jawa Tengah,Blora,Banyurejo,21,14.0,0.0,63.0,30.0,6.0,32.0,0.0,0.0,0.0,3.0,0.0,0.0
Greneng Provinsi :Jawa Tengah,Blora,Banyurejo,22,0.0,0.0,0.0,0.0,0.0,0.0,0.0,0.0,0.0,32.0,4.0,4.0
Greneng Provinsi :Jawa Tengah,Blora,Banyurejo,23,0.0,0.0,6.0,0.0,0.0,0.0,0.0,0.0,0.0,0.0,3.0,10.0
Greneng Provinsi :Jawa Tengah,Blora,Banyurejo,24,0.0,0.0,5.0,0.0,0.0,4.0,0.0,0.0,2.0,35.0,0.0,6.0
Greneng Provinsi :Jawa Tengah,Blora,Banyurejo,25,0.0,0.0,0.0,10.0,0.0,0.0,0.0,0.0,0.0,0.0,9.0,4.0
Greneng Provinsi :Jawa Tengah,Blora,Banyurejo,26,0.0,0.0,0.0,12.0,24.0,40.0,0.0,0.0,0.0,5.0,0.0,0.0
Greneng Provinsi :Jawa Tengah,Blora,Banyurejo,27,0.0,14.0,3.0,0.0,12.0,6.0,0.0,0.0,0.0,0.0,0.0,25.0
Greneng Provinsi :Jawa Tengah,Blora,Banyurejo,28,0.0,12.0,42.0,0.0,0.0,3.0,0.0,0.0,0.0,0.0,31.0,5.0
Banjar Provinsi :Jawa Tengah,Blora,0,1,0.0,0.0,29.0,0.0,0.0,0.0,0.0,0.0,0.0,0.0,47.0,43.0
Banjar Provinsi :Jawa Tengah,Blora,0,2,0.0,42.0,23.0,65.0,0.0,0.0,0.0,0.0,0.0,42.0,0.0,0.0
Banjar Provinsi :Jawa Tengah,Blora,0,3,0.0,0.0,24.0,60.0,0.0,0.0,0.0,0.0,0.0,0.0,0.0,0.0
Banjar Provinsi :Jawa Tengah,Blora,0,4,0.0,0.0,19.0,96.0,0.0,5.0,0.0,0.0,0.0,7.0,0.0,14.0
Banjar Provinsi :Jawa Tengah,Blora,0,5,7.0,0.0,0.0,90.0,62.0,0.0,15.0,0.0,0.0,0.0,35.0,17.0
Banjar Provinsi :Jawa Tengah,Blora,0,6,22.0,0.0,0.0,8.0,0.0,3.0,9.0,0.0,0.0,9.0,0.0,0.0
Banjar Provinsi :Jawa Tengah,Blora,0,7,0.0,0.0,54.0,0.0,34.0,0.0,0.0,0.0,0.0,6.0,0.0,0.0
Banjar Provinsi :Jawa Tengah,Blora,0,8,18.0,30.0,0.0,35.0,0.0,2.0,0.0,15.0,0.0,17.0,0.0,2.0
Banjar Provinsi :Jawa Tengah,Blora,0,9,0.0,0.0,35.0,0.0,27.0,0.0,0.0,0.0,0.0,4.0,61.0,0.0
Banjar Provinsi :Jawa Tengah,Blora,0,10,28.0,15.0,57.0,98.0,2.0,0.0,0.0,0.0,0.0,0.0,0.0,0.0
Banjar Provinsi :Jawa Tengah,Blora,0,11,63.0,10.0,25.0,0.0,0.0,0.0,0.0,0.0,0.0,0.0,0.0,0.0
Banjar Provinsi :Jawa Tengah,Blora,0,12,47.0,0.0,0.0,0.0,0.0,0.0,0.0,0.0,0.0,24.0,12.0,0.0
Banjar Provinsi :Jawa Tengah,Blora,0,13,0.0,53.0,46.0,108.0,0.0,0.0,10.0,0.0,0.0,0.0,0.0,0.0
Banjar Provinsi :Jawa Tengah,Blora,0,14,0.0,0.0,15.0,0.0,0.0,12.0,17.0,0.0,0.0,63.0,0.0,16.0
Banjar Provinsi :Jawa Tengah,Blora,0,15,0.0,21.0,0.0,0.0,0.0,0.0,0.0,0.0,0.0,40.0,0.0,23.0
Banjar Provinsi :Jawa Tengah,Blora,0,16,0.0,54.0,0.0,0.0,0.0,18.0,0.0,0.0,0.0,0.0,10.0,11.0
Banjar Provinsi :Jawa Tengah,Blora,0,17,0.0,56.0,0.0,32.0,43.0,26.0,0.0,0.0,0.0,0.0,0.0,0.0
Banjar Provinsi :Jawa Tengah,Blora,0,18,44.0,83.0,34.0,78.0,26.0,0.0,0.0,0.0,0.0,47.0,0.0,12.0
Banjar Provinsi :Jawa Tengah,Blora,0,19,0.0,0.0,42.0,129.0,32.0,0.0,0.0,0.0,0.0,18.0,0.0,41.0
Banjar Provinsi :Jawa Tengah,Blora,0,20,48.0,24.0,0.0,0.0,0.0,0.0,0.0,0.0,0.0,0.0,0.0,0.0
Banjar Provinsi :Jawa Tengah,Blora,0,21,35.0,0.0,0.0,0.0,0.0,0.0,0.0,0.0,0.0,36.0,0.0,26.0
Banjar Provinsi :Jawa Tengah,Blora,0,22,0.0,0.0,27.0,38.0,0.0,0.0,0.0,0.0,5.0,0.0,0.0,10.0
Banjar Provinsi :Jawa Tengah,Blora,0,23,0.0,0.0,36.0,0.0,0.0,0.0,0.0,0.0,0.0,130.0,0.0,12.0
Banjar Provinsi :Jawa Tengah,Blora,0,24,0.0,47.0,0.0,0.0,0.0,0.0,0.0,0.0,0.0,0.0,49.0,0.0
Banjar Provinsi :Jawa Tengah,Blora,0,25,0.0,21.0,0.0,0.0,0.0,0.0,0.0,0.0,0.0,0.0,0.0,0.0
Banjar Provinsi :Jawa Tengah,Blora,0,26,0.0,56.0,0.0,0.0,0.0,0.0,0.0,0.0,0.0,0.0,0.0,97.0
Banjar Provinsi :Jawa Tengah,Blora,0,27,50.0,43.0,0.0,0.0,0.0,0.0,0.0,8.0,0.0,0.0,33.0,0.0
Banjar Provinsi :Jawa Tengah,Blora,0,28,0.0,26.0,0.0,0.0,0.0,0.0,0.0,12.0,0.0,0.0,0.0,0.0
Blora Provinsi :Jawa Tengah,Blora,-,1,0.0,0.0,16.0,0.0,0.0,0.0,0.0,0.0,0.0,10.0,22.0,32.0
Blora Provinsi :Jawa Tengah,Blora,-,2,0.0,0.0,13.0,0.0,0.0,0.0,0.0,0.0,0.0,6.0,0.0,10.0
Blora Provinsi :Jawa Tengah,Blora,-,3,3.0,17.0,4.0,0.0,0.0,0.0,0.0,0.0,0.0,30.0,12.0,28.0
Blora Provinsi :Jawa Tengah,Blora,-,4,0.0,10.0,0.0,0.0,0.0,0.0,0.0,0.0,0.0,35.0,0.0,14.0
Blora Provinsi :Jawa Tengah,Blora,-,5,0.0,0.0,0.0,22.0,0.0,0.0,0.0,0.0,0.0,20.0,0.0,8.0
Blora Provinsi :Jawa Tengah,Blora,-,6,0.0,6.0,11.0,25.0,22.0,0.0,4.0,0.0,0.0,6.0,0.0,0.0
Blora Provinsi :Jawa Tengah,Blora,-,7,13.0,0.0,13.0,0.0,41.0,0.0,0.0,0.0,0.0,20.0,0.0,0.0
Blora Provinsi :Jawa Tengah,Blora,-,8,23.0,1.0,19.0,0.0,0.0,3.0,0.0,0.0,2.0,0.0,0.0,0.0
Blora Provinsi :Jawa Tengah,Blora,-,9,0.0,3.0,0.0,0.0,5.0,0.0,0.0,0.0,0.0,0.0,0.0,0.0
Blora Provinsi :Jawa Tengah,Blora,-,10,0.0,10.0,4.0,48.0,0.0,0.0,0.0,0.0,0.0,10.0,0.0,0.0
Blora Provinsi :Jawa Tengah,Blora,-,11,0.0,0.0,0.0,15.0,0.0,0.0,0.0,0.0,0.0,10.0,20.0,0.0
Blora Provinsi :Jawa Tengah,Blora,-,12,26.0,1.0,0.0,0.0,0.0,14.0,0.0,0.0,0.0,12.0,18.0,0.0
Blora Provinsi :Jawa Tengah,Blora,-,13,1.0,2.0,3.0,42.0,0.0,30.0,0.0,0.0,0.0,0.0,0.0,0.0
Blora Provinsi :Jawa Tengah,Blora,-,14,0.0,12.0,0.0,0.0,0.0,0.0,7.0,30.0,0.0,10.0,0.0,22.0
Blora Provinsi :Jawa Tengah,Blora,-,15,0.0,2.0,0.0,0.0,0.0,0.0,15.0,0.0,0.0,110.0,0.0,0.0
Blora Provinsi :Jawa Tengah,Blora,-,16,0.0,0.0,12.0,0.0,0.0,0.0,0.0,0.0,0.0,28.0,0.0,0.0
Blora Provinsi :Jawa Tengah,Blora,-,17,0.0,27.0,9.0,0.0,0.0,0.0,8.0,0.0,4.0,0.0,0.0,0.0
Blora Provinsi :Jawa Tengah,Blora,-,18,0.0,35.0,10.0,31.0,0.0,0.0,0.0,0.0,0.0,30.0,0.0,10.0
Blora Provinsi :Jawa Tengah,Blora,-,19,11.0,10.0,0.0,42.0,4.0,0.0,0.0,0.0,0.0,2.0,8.0,36.0
Blora Provinsi :Jawa Tengah,Blora,-,20,0.0,0.0,0.0,26.0,25.0,0.0,0.0,0.0,0.0,30.0,0.0,8.0
Blora Provinsi :Jawa Tengah,Blora,-,21,0.0,0.0,0.0,37.0,0.0,0.0,0.0,0.0,0.0,0.0,0.0,0.0
Blora Provinsi :Jawa Tengah,Blora,-,22,0.0,0.0,0.0,0.0,1.0,0.0,0.0,0.0,0.0,50.0,0.0,6.0
Blora Provinsi :Jawa Tengah,Blora,-,23,0.0,0.0,6.0,0.0,0.0,0.0,0.0,0.0,0.0,0.0,0.0,0.0
Blora Provinsi :Jawa Tengah,Blora,-,24,0.0,14.0,0.0,5.0,0.0,0.0,0.0,0.0,0.0,0.0,0.0,0.0
Blora Provinsi :Jawa Tengah,Blora,-,25,0.0,0.0,0.0,5.0,0.0,0.0,0.0,0.0,0.0,0.0,0.0,8.0
Blora Provinsi :Jawa Tengah,Blora,-,26,0.0,0.0,0.0,37.0,0.0,65.0,0.0,0.0,0.0,25.0,14.0,6.0
Blora Provinsi :Jawa Tengah,Blora,-,27,0.0,66.0,0.0,0.0,60.0,30.0,0.0,1.0,0.0,0.0,0.0,6.0
Blora Provinsi :Jawa Tengah,Blora,-,28,0.0,0.0,10.0,0.0,32.0,2.0,0.0,0.0,0.0,0.0,0.0,10.0
Kedungwaru Provinsi :Jawa Tengah,Blora,Kunduran,1,7.0,0.0,14.0,0.0,2.0,0.0,0.0,0.0,0.0,3.0,0.0,81.0
Kedungwaru Provinsi :Jawa Tengah,Blora,Kunduran,2,2.0,0.0,2.0,2.0,0.0,0.0,0.0,0.0,0.0,0.0,15.0,6.0
Kedungwaru Provinsi :Jawa Tengah,Blora,Kunduran,3,0.0,6.0,7.0,4.0,0.0,0.0,0.0,0.0,0.0,28.0,1.0,2.0
Kedungwaru Provinsi :Jawa Tengah,Blora,Kunduran,4,0.0,0.0,2.0,2.0,0.0,6.0,0.0,0.0,0.0,5.0,2.0,0.0
Kedungwaru Provinsi :Jawa Tengah,Blora,Kunduran,5,0.0,4.0,0.0,48.0,0.0,2.0,0.0,0.0,0.0,0.0,0.0,6.0
Kedungwaru Provinsi :Jawa Tengah,Blora,Kunduran,6,0.0,5.0,0.0,5.0,0.0,8.0,36.0,0.0,0.0,6.0,0.0,0.0
Kedungwaru Provinsi :Jawa Tengah,Blora,Kunduran,7,5.0,0.0,1.0,8.0,0.0,0.0,1.0,0.0,0.0,3.0,12.0,0.0
Kedungwaru Provinsi :Jawa Tengah,Blora,Kunduran,8,2.0,3.0,12.0,0.0,3.0,0.0,0.0,0.0,0.0,2.0,2.0,12.0
Kedungwaru Provinsi :Jawa Tengah,Blora,Kunduran,9,0.0,12.0,0.0,0.0,8.0,0.0,0.0,0.0,3.0,31.0,0.0,0.0
Kedungwaru Provinsi :Jawa Tengah,Blora,Kunduran,10,0.0,7.0,18.0,28.0,2.0,0.0,0.0,0.0,0.0,2.0,0.0,0.0
Kedungwaru Provinsi :Jawa Tengah,Blora,Kunduran,11,2.0,0.0,29.0,0.0,0.0,0.0,0.0,0.0,2.0,26.0,16.0,0.0
Kedungwaru Provinsi :Jawa Tengah,Blora,Kunduran,12,29.0,2.0,9.0,0.0,0.0,3.0,0.0,0.0,0.0,0.0,29.0,2.0
Kedungwaru Provinsi :Jawa Tengah,Blora,Kunduran,13,0.0,1.0,0.0,2.0,2.0,0.0,0.0,0.0,0.0,12.0,0.0,0.0
Kedungwaru Provinsi :Jawa Tengah,Blora,Kunduran,14,2.0,6.0,2.0,0.0,0.0,1.0,3.0,5.0,0.0,7.0,0.0,0.0
Kedungwaru Provinsi :Jawa Tengah,Blora,Kunduran,15,0.0,26.0,6.0,0.0,0.0,42.0,1.0,3.0,0.0,59.0,8.0,2.0
Kedungwaru Provinsi :Jawa Tengah,Blora,Kunduran,16,0.0,4.0,12.0,0.0,0.0,0.0,0.0,1.0,0.0,28.0,1.0,52.0
Kedungwaru Provinsi :Jawa Tengah,Blora,Kunduran,17,0.0,12.0,8.0,0.0,0.0,12.0,24.0,12.0,0.0,0.0,0.0,84.0
Kedungwaru Provinsi :Jawa Tengah,Blora,Kunduran,18,3.0,1.0,0.0,0.0,0.0,6.0,0.0,0.0,0.0,4.0,16.0,0.0
Kedungwaru Provinsi :Jawa Tengah,Blora,Kunduran,19,2.0,24.0,0.0,2.0,3.0,0.0,0.0,0.0,0.0,2.0,14.0,16.0
Kedungwaru Provinsi :Jawa Tengah,Blora,Kunduran,20,32.0,0.0,19.0,16.0,35.0,7.0,0.0,0.0,12.0,40.0,0.0,21.0
Kedungwaru Provinsi :Jawa Tengah,Blora,Kunduran,21,11.0,2.0,29.0,32.0,1.0,2.0,0.0,0.0,0.0,0.0,0.0,0.0
Kedungwaru Provinsi :Jawa Tengah,Blora,Kunduran,22,3.0,0.0,0.0,3.0,18.0,0.0,0.0,0.0,0.0,39.0,0.0,8.0
Kedungwaru Provinsi :Jawa Tengah,Blora,Kunduran,23,0.0,0.0,2.0,0.0,0.0,0.0,0.0,0.0,0.0,0.0,0.0,6.0
Kedungwaru Provinsi :Jawa Tengah,Blora,Kunduran,24,0.0,28.0,0.0,2.0,0.0,0.0,0.0,0.0,3.0,4.0,0.0,3.0
Kedungwaru Provinsi :Jawa Tengah,Blora,Kunduran,25,0.0,0.0,1.0,0.0,0.0,3.0,0.0,0.0,0.0,3.0,42.0,2.0
Kedungwaru Provinsi :Jawa Tengah,Blora,Kunduran,26,1.0,0.0,0.0,29.0,2.0,23.0,0.0,0.0,0.0,0.0,0.0,1.0
Kedungwaru Provinsi :Jawa Tengah,Blora,Kunduran,27,2.0,11.0,1.0,18.0,4.0,5.0,0.0,0.0,0.0,0.0,0.0,37.0
Kedungwaru Provinsi :Jawa Tengah,Blora,Kunduran,28,1.0,3.0,0.0,2.0,0.0,2.0,0.0,0.0,0.0,0.0,4.0,0.0
Sambung Provinsi :Jawa Tengah,Demak,Gajah,1,4.0,7.0,6.0,4.0,18.0,0.0,0.0,0.0,0.0,0.0,0.0,5.0
Sambung Provinsi :Jawa Tengah,Demak,Gajah,2,0.0,0.0,3.0,0.0,0.0,0.0,0.0,0.0,0.0,0.0,0.0,34.0
Sambung Provinsi :Jawa Tengah,Demak,Gajah,3,0.0,7.0,0.0,0.0,0.0,9.0,18.0,0.0,0.0,0.0,7.0,0.0
Sambung Provinsi :Jawa Tengah,Demak,Gajah,4,0.0,0.0,22.0,10.0,0.0,0.0,0.0,0.0,0.0,0.0,0.0,0.0
Sambung Provinsi :Jawa Tengah,Demak,Gajah,5,0.0,9.0,8.0,3.0,0.0,8.0,0.0,0.0,0.0,109.0,7.0,0.0
Sambung Provinsi :Jawa Tengah,Demak,Gajah,6,0.0,37.0,0.0,26.0,0.0,8.0,37.0,0.0,0.0,3.0,0.0,0.0
Sambung Provinsi :Jawa Tengah,Demak,Gajah,7,0.0,10.0,0.0,0.0,0.0,0.0,20.0,0.0,0.0,0.0,25.0,0.0
Sambung Provinsi :Jawa Tengah,Demak,Gajah,8,9.0,6.0,14.0,4.0,0.0,8.0,0.0,0.0,0.0,10.0,4.0,5.0
Sambung Provinsi :Jawa Tengah,Demak,Gajah,9,0.0,46.0,18.0,0.0,0.0,0.0,0.0,0.0,0.0,15.0,0.0,56.0
Sambung Provinsi :Jawa Tengah,Demak,Gajah,10,0.0,0.0,81.0,8.0,0.0,0.0,0.0,0.0,0.0,0.0,0.0,0.0
Sambung Provinsi :Jawa Tengah,Demak,Gajah,11,20.0,0.0,0.0,0.0,0.0,37.0,0.0,0.0,0.0,30.0,22.0,0.0
Sambung Provinsi :Jawa Tengah,Demak,Gajah,12,50.0,36.0,0.0,4.0,0.0,6.0,13.0,0.0,0.0,23.0,0.0,0.0
Sambung Provinsi :Jawa Tengah,Demak,Gajah,13,14.0,17.0,0.0,0.0,0.0,8.0,0.0,0.0,0.0,8.0,0.0,0.0
Sambung Provinsi :Jawa Tengah,Demak,Gajah,14,0.0,10.0,0.0,0.0,0.0,0.0,0.0,93.0,0.0,0.0,17.0,0.0
Sambung Provinsi :Jawa Tengah,Demak,Gajah,15,7.0,8.0,0.0,0.0,0.0,0.0,0.0,0.0,0.0,29.0,0.0,0.0
Sambung Provinsi :Jawa Tengah,Demak,Gajah,16,3.0,0.0,0.0,0.0,29.0,0.0,0.0,7.0,0.0,0.0,5.0,55.0
Sambung Provinsi :Jawa Tengah,Demak,Gajah,17,0.0,28.0,8.0,0.0,0.0,0.0,27.0,0.0,0.0,0.0,0.0,49.0
Sambung Provinsi :Jawa Tengah,Demak,Gajah,18,0.0,0.0,11.0,0.0,0.0,35.0,0.0,0.0,0.0,0.0,0.0,6.0
Sambung Provinsi :Jawa Tengah,Demak,Gajah,19,15.0,0.0,0.0,0.0,9.0,0.0,0.0,0.0,0.0,0.0,0.0,0.0
Sambung Provinsi :Jawa Tengah,Demak,Gajah,20,47.0,0.0,0.0,8.0,6.0,0.0,0.0,0.0,0.0,0.0,0.0,0.0
Sambung Provinsi :Jawa Tengah,Demak,Gajah,21,25.0,0.0,15.0,0.0,0.0,0.0,0.0,0.0,0.0,38.0,0.0,0.0
Sambung Provinsi :Jawa Tengah,Demak,Gajah,22,0.0,8.0,0.0,0.0,47.0,0.0,0.0,0.0,14.0,0.0,0.0,0.0
Sambung Provinsi :Jawa Tengah,Demak,Gajah,23,14.0,0.0,4.0,0.0,0.0,0.0,0.0,0.0,0.0,0.0,0.0,13.0
Sambung Provinsi :Jawa Tengah,Demak,Gajah,24,0.0,0.0,0.0,0.0,0.0,0.0,0.0,0.0,0.0,0.0,0.0,0.0
Sambung Provinsi :Jawa Tengah,Demak,Gajah,25,0.0,0.0,6.0,0.0,0.0,0.0,0.0,0.0,0.0,0.0,0.0,14.0
Sambung Provinsi :Jawa Tengah,Demak,Gajah,26,9.0,0.0,0.0,48.0,0.0,60.0,0.0,0.0,0.0,0.0,29.0,13.0
Sambung Provinsi :Jawa Tengah,Demak,Gajah,27,25.0,0.0,0.0,9.0,32.0,6.0,0.0,0.0,0.0,0.0,28.0,35.0
Sambung Provinsi :Jawa Tengah,Demak,Gajah,28,2.0,49.0,8.0,0.0,0.0,70.0,0.0,0.0,0.0,0.0,30.0,0.0
Karanganyar Provinsi :Jawa Tengah,Demak,Karanganyar,1,6.0,4.0,25.0,0.0,4.0,0.0,0.0,0.0,0.0,0.0,0.0,1.0
Karanganyar Provinsi :Jawa Tengah,Demak,Karanganyar,2,0.0,0.0,0.0,15.0,0.0,0.0,0.0,0.0,0.0,0.0,12.0,26.0
Karanganyar Provinsi :Jawa Tengah,Demak,Karanganyar,3,0.0,0.0,2.0,0.0,2.0,4.0,0.0,0.0,0.0,0.0,0.0,0.0
Karanganyar Provinsi :Jawa Tengah,Demak,Karanganyar,4,0.0,0.0,67.0,7.0,0.0,0.0,0.0,0.0,0.0,3.0,15.0,0.0
Karanganyar Provinsi :Jawa Tengah,Demak,Karanganyar,5,0.0,3.0,0.0,51.0,0.0,28.0,0.0,0.0,0.0,36.0,2.0,0.0
Karanganyar Provinsi :Jawa Tengah,Demak,Karanganyar,6,0.0,15.0,1.0,60.0,0.0,7.0,45.0,0.0,0.0,1.0,0.0,25.0
Karanganyar Provinsi :Jawa Tengah,Demak,Karanganyar,7,0.0,66.0,1.0,0.0,0.0,0.0,1.0,0.0,0.0,19.0,11.0,18.0
Karanganyar Provinsi :Jawa Tengah,Demak,Karanganyar,8,4.0,9.0,15.0,14.0,2.0,0.0,0.0,0.0,0.0,65.0,23.0,0.0
Karanganyar Provinsi :Jawa Tengah,Demak,Karanganyar,9,1.0,21.0,16.0,0.0,1.0,0.0,0.0,0.0,0.0,26.0,1.0,0.0
Karanganyar Provinsi :Jawa Tengah,Demak,Karanganyar,10,1.0,1.0,34.0,0.0,0.0,0.0,0.0,0.0,0.0,12.0,3.0,71.0
Karanganyar Provinsi :Jawa Tengah,Demak,Karanganyar,11,35.0,11.0,0.0,0.0,0.0,9.0,0.0,0.0,3.0,8.0,54.0,0.0
Karanganyar Provinsi :Jawa Tengah,Demak,Karanganyar,12,27.0,26.0,5.0,31.0,0.0,16.0,0.0,0.0,0.0,2.0,1.0,0.0
Karanganyar Provinsi :Jawa Tengah,Demak,Karanganyar,13,35.0,5.0,18.0,0.0,0.0,0.0,0.0,0.0,0.0,0.0,1.0,0.0
Karanganyar Provinsi :Jawa Tengah,Demak,Karanganyar,14,1.0,39.0,0.0,0.0,0.0,0.0,11.0,11.0,9.0,5.0,2.0,11.0
Karanganyar Provinsi :Jawa Tengah,Demak,Karanganyar,15,11.0,0.0,15.0,0.0,0.0,0.0,0.0,0.0,0.0,21.0,14.0,0.0
Karanganyar Provinsi :Jawa Tengah,Demak,Karanganyar,16,4.0,0.0,0.0,0.0,1.0,0.0,0.0,7.0,0.0,45.0,10.0,21.0
Karanganyar Provinsi :Jawa Tengah,Demak,Karanganyar,17,18.0,10.0,1.0,4.0,0.0,2.0,18.0,0.0,0.0,0.0,0.0,44.0
Karanganyar Provinsi :Jawa Tengah,Demak,Karanganyar,18,6.0,3.0,0.0,0.0,0.0,13.0,0.0,0.0,0.0,3.0,8.0,14.0
Karanganyar Provinsi :Jawa Tengah,Demak,Karanganyar,19,25.0,24.0,1.0,4.0,0.0,0.0,0.0,0.0,0.0,2.0,15.0,3.0
Karanganyar Provinsi :Jawa Tengah,Demak,Karanganyar,20,54.0,0.0,0.0,5.0,5.0,0.0,0.0,1.0,0.0,0.0,1.0,1.0
Karanganyar Provinsi :Jawa Tengah,Demak,Karanganyar,21,16.0,0.0,17.0,4.0,8.0,2.0,0.0,0.0,0.0,29.0,0.0,0.0
Karanganyar Provinsi :Jawa Tengah,Demak,Karanganyar,22,6.0,6.0,0.0,1.0,15.0,0.0,0.0,1.0,17.0,15.0,0.0,2.0
Karanganyar Provinsi :Jawa Tengah,Demak,Karanganyar,23,0.0,0.0,4.0,0.0,0.0,0.0,0.0,0.0,6.0,0.0,0.0,3.0
Karanganyar Provinsi :Jawa Tengah,Demak,Karanganyar,24,0.0,2.0,6.0,2.0,2.0,0.0,0.0,0.0,0.0,4.0,0.0,12.0
Karanganyar Provinsi :Jawa Tengah,Demak,Karanganyar,25,4.0,0.0,0.0,0.0,0.0,0.0,0.0,0.0,0.0,1.0,0.0,43.0
Karanganyar Provinsi :Jawa Tengah,Demak,Karanganyar,26,13.0,20.0,0.0,0.0,0.0,71.0,0.0,0.0,0.0,6.0,22.0,21.0
Karanganyar Provinsi :Jawa Tengah,Demak,Karanganyar,27,25.0,1.0,0.0,23.0,68.0,26.0,0.0,0.0,0.0,1.0,15.0,20.0
Karanganyar Provinsi :Jawa Tengah,Demak,Karanganyar,28,0.0,92.0,0.0,17.0,0.0,41.0,0.0,15.0,0.0,0.0,118.0,4.0
Dumpil Provinsi :Jawa Tengah,Grobogan,Penawangan,1,9.0,0.0,32.0,0.0,0.0,0.0,0.0,0.0,0.0,0.0,0.0,21.0
Dumpil Provinsi :Jawa Tengah,Grobogan,Penawangan,2,7.0,0.0,0.0,0.0,0.0,0.0,0.0,0.0,0.0,0.0,8.0,0.0
Dumpil Provinsi :Jawa Tengah,Grobogan,Penawangan,3,22.0,21.0,21.0,0.0,0.0,0.0,0.0,0.0,0.0,57.0,0.0,0.0
Dumpil Provinsi :Jawa Tengah,Grobogan,Penawangan,4,0.0,0.0,0.0,20.0,0.0,26.0,0.0,0.0,0.0,27.0,0.0,7.0
Dumpil Provinsi :Jawa Tengah,Grobogan,Penawangan,5,0.0,17.0,0.0,0.0,0.0,8.0,0.0,0.0,0.0,12.0,0.0,11.0
Dumpil Provinsi :Jawa Tengah,Grobogan,Penawangan,6,0.0,13.0,0.0,0.0,0.0,26.0,15.0,0.0,0.0,30.0,0.0,0.0
Dumpil Provinsi :Jawa Tengah,Grobogan,Penawangan,7,10.0,0.0,0.0,8.0,0.0,5.0,17.0,0.0,0.0,17.0,26.0,0.0
Dumpil Provinsi :Jawa Tengah,Grobogan,Penawangan,8,0.0,11.0,45.0,0.0,5.0,0.0,0.0,0.0,0.0,8.0,6.0,0.0
Dumpil Provinsi :Jawa Tengah,Grobogan,Penawangan,9,0.0,9.0,0.0,0.0,8.0,7.0,0.0,0.0,0.0,10.0,0.0,0.0
Dumpil Provinsi :Jawa Tengah,Grobogan,Penawangan,10,0.0,4.0,11.0,6.0,0.0,0.0,0.0,0.0,0.0,11.0,0.0,0.0
Dumpil Provinsi :Jawa Tengah,Grobogan,Penawangan,11,0.0,6.0,24.0,0.0,0.0,0.0,0.0,0.0,0.0,31.0,40.0,0.0
Dumpil Provinsi :Jawa Tengah,Grobogan,Penawangan,12,8.0,10.0,0.0,0.0,0.0,8.0,0.0,0.0,0.0,0.0,23.0,0.0
Dumpil Provinsi :Jawa Tengah,Grobogan,Penawangan,13,0.0,15.0,0.0,0.0,11.0,0.0,0.0,0.0,0.0,0.0,0.0,0.0
Dumpil Provinsi :Jawa Tengah,Grobogan,Penawangan,14,0.0,8.0,0.0,0.0,0.0,18.0,6.0,0.0,18.0,8.0,0.0,0.0
Dumpil Provinsi :Jawa Tengah,Grobogan,Penawangan,15,0.0,44.0,21.0,0.0,0.0,35.0,0.0,0.0,0.0,48.0,0.0,0.0
Dumpil Provinsi :Jawa Tengah,Grobogan,Penawangan,16,0.0,0.0,0.0,0.0,0.0,0.0,0.0,0.0,0.0,0.0,0.0,19.0
Dumpil Provinsi :Jawa Tengah,Grobogan,Penawangan,17,0.0,0.0,15.0,0.0,0.0,5.0,43.0,45.0,0.0,0.0,0.0,5.0
Dumpil Provinsi :Jawa Tengah,Grobogan,Penawangan,18,0.0,0.0,0.0,0.0,0.0,0.0,0.0,0.0,0.0,0.0,19.0,0.0
Dumpil Provinsi :Jawa Tengah,Grobogan,Penawangan,19,34.0,20.0,0.0,69.0,0.0,0.0,0.0,0.0,0.0,0.0,24.0,20.0
Dumpil Provinsi :Jawa Tengah,Grobogan,Penawangan,20,56.0,0.0,23.0,54.0,11.0,6.0,0.0,0.0,9.0,65.0,0.0,39.0
Dumpil Provinsi :Jawa Tengah,Grobogan,Penawangan,21,15.0,0.0,6.0,24.0,0.0,14.0,0.0,0.0,0.0,0.0,0.0,0.0
Dumpil Provinsi :Jawa Tengah,Grobogan,Penawangan,22,0.0,0.0,0.0,0.0,10.0,0.0,0.0,0.0,0.0,20.0,0.0,31.0
Dumpil Provinsi :Jawa Tengah,Grobogan,Penawangan,23,0.0,0.0,0.0,0.0,0.0,0.0,0.0,0.0,25.0,0.0,0.0,0.0
Dumpil Provinsi :Jawa Tengah,Grobogan,Penawangan,24,0.0,0.0,4.0,0.0,0.0,0.0,0.0,0.0,0.0,7.0,0.0,11.0
Dumpil Provinsi :Jawa Tengah,Grobogan,Penawangan,25,0.0,0.0,3.0,0.0,0.0,0.0,0.0,0.0,0.0,0.0,56.0,0.0
Dumpil Provinsi :Jawa Tengah,Grobogan,Penawangan,26,0.0,0.0,0.0,0.0,0.0,0.0,0.0,0.0,0.0,10.0,0.0,0.0
Dumpil Provinsi :Jawa Tengah,Grobogan,Penawangan,27,6.0,0.0,0.0,17.0,27.0,26.0,0.0,0.0,0.0,0.0,0.0,64.0
Dumpil Provinsi :Jawa Tengah,Grobogan,Penawangan,28,0.0,19.0,0.0,35.0,0.0,22.0,0.0,0.0,0.0,0.0,40.0,0.0
Sidorejo - Nglese Provinsi :Jawa Tengah,Grobogan,-,1,5.0,3.0,3.0,0.0,5.0,0.0,0.0,0.0,0.0,7.0,0.0,4.0
Sidorejo - Nglese Provinsi :Jawa Tengah,Grobogan,-,2,0.0,0.0,3.0,50.0,0.0,0.0,0.0,0.0,0.0,45.0,2.0,0.0
Sidorejo - Nglese Provinsi :Jawa Tengah,Grobogan,-,3,0.0,0.0,0.0,3.0,0.0,0.0,0.0,0.0,0.0,1.0,21.0,5.0
Sidorejo - Nglese Provinsi :Jawa Tengah,Grobogan,-,4,0.0,0.0,0.0,10.0,0.0,0.0,0.0,0.0,0.0,75.0,17.0,5.0
Sidorejo - Nglese Provinsi :Jawa Tengah,Grobogan,-,5,3.0,4.0,70.0,0.0,3.0,20.0,0.0,0.0,0.0,10.0,0.0,14.0
Sidorejo - Nglese Provinsi :Jawa Tengah,Grobogan,-,6,0.0,13.0,3.0,0.0,0.0,15.0,13.0,0.0,0.0,0.0,0.0,1.0
Sidorejo - Nglese Provinsi :Jawa Tengah,Grobogan,-,7,22.0,0.0,0.0,0.0,0.0,10.0,0.0,0.0,0.0,28.0,33.0,0.0
Sidorejo - Nglese Provinsi :Jawa Tengah,Grobogan,-,8,20.0,5.0,4.0,0.0,10.0,9.0,0.0,0.0,19.0,12.0,23.0,5.0
Sidorejo - Nglese Provinsi :Jawa Tengah,Grobogan,-,9,0.0,0.0,27.0,0.0,43.0,4.0,0.0,0.0,0.0,11.0,0.0,0.0
Sidorejo - Nglese Provinsi :Jawa Tengah,Grobogan,-,10,54.0,4.0,37.0,0.0,0.0,0.0,0.0,0.0,22.0,8.0,50.0,18.0
Sidorejo - Nglese Provinsi :Jawa Tengah,Grobogan,-,11,22.0,0.0,3.0,7.0,12.0,2.0,0.0,0.0,20.0,11.0,5.0,0.0
Sidorejo - Nglese Provinsi :Jawa Tengah,Grobogan,-,12,36.0,4.0,8.0,8.0,0.0,27.0,0.0,0.0,5.0,25.0,8.0,0.0
Sidorejo - Nglese Provinsi :Jawa Tengah,Grobogan,-,13,8.0,55.0,0.0,10.0,0.0,0.0,4.0,0.0,0.0,5.0,0.0,1.0
Sidorejo - Nglese Provinsi :Jawa Tengah,Grobogan,-,14,0.0,20.0,3.0,0.0,0.0,16.0,6.0,16.0,0.0,0.0,0.0,4.0
Sidorejo - Nglese Provinsi :Jawa Tengah,Grobogan,-,15,0.0,0.0,120.0,0.0,38.0,0.0,0.0,1.0,10.0,17.0,45.0,10.0
Sidorejo - Nglese Provinsi :Jawa Tengah,Grobogan,-,16,0.0,0.0,37.0,0.0,0.0,0.0,0.0,50.0,0.0,2.0,0.0,0.0
Sidorejo - Nglese Provinsi :Jawa Tengah,Grobogan,-,17,0.0,2.0,0.0,0.0,0.0,11.0,4.0,0.0,14.0,0.0,0.0,22.0
Sidorejo - Nglese Provinsi :Jawa Tengah,Grobogan,-,18,23.0,3.0,3.0,0.0,0.0,17.0,0.0,0.0,0.0,5.0,0.0,0.0
Sidorejo - Nglese Provinsi :Jawa Tengah,Grobogan,-,19,5.0,6.0,7.0,10.0,5.0,0.0,0.0,0.0,0.0,0.0,63.0,0.0
Sidorejo - Nglese Provinsi :Jawa Tengah,Grobogan,-,20,37.0,8.0,47.0,55.0,20.0,5.0,0.0,0.0,0.0,2.0,0.0,0.0
Sidorejo - Nglese Provinsi :Jawa Tengah,Grobogan,-,21,5.0,0.0,47.0,0.0,58.0,13.0,0.0,0.0,0.0,5.0,0.0,0.0
Sidorejo - Nglese Provinsi :Jawa Tengah,Grobogan,-,22,3.0,16.0,3.0,5.0,5.0,0.0,0.0,0.0,0.0,45.0,0.0,10.0
Sidorejo - Nglese Provinsi :Jawa Tengah,Grobogan,-,23,31.0,0.0,2.0,0.0,0.0,0.0,0.0,0.0,40.0,0.0,0.0,70.0
Sidorejo - Nglese Provinsi :Jawa Tengah,Grobogan,-,24,2.0,4.0,0.0,0.0,0.0,2.0,0.0,0.0,23.0,0.0,0.0,5.0
Sidorejo - Nglese Provinsi :Jawa Tengah,Grobogan,-,25,0.0,0.0,0.0,80.0,37.0,8.0,0.0,0.0,37.0,0.0,20.0,0.0
Sidorejo - Nglese Provinsi :Jawa Tengah,Grobogan,-,26,0.0,13.0,0.0,3.0,2.0,0.0,0.0,0.0,0.0,4.0,10.0,0.0
Sidorejo - Nglese Provinsi :Jawa Tengah,Grobogan,-,27,0.0,2.0,0.0,0.0,15.0,37.0,0.0,0.0,0.0,4.0,11.0,19.0
Sidorejo - Nglese Provinsi :Jawa Tengah,Grobogan,-,28,0.0,1.0,30.0,0.0,7.0,0.0,0.0,0.0,0.0,0.0,4.0,0.0
Juwangi Provinsi :Jawa Tengah,Boyolali,Juwangi,1,8.0,0.0,0.0,0.0,0.0,0.0,0.0,3.0,0.0,0.0,15.0,25.0
Juwangi Provinsi :Jawa Tengah,Boyolali,Juwangi,2,14.0,0.0,0.0,0.0,0.0,11.0,0.0,0.0,0.0,0.0,0.0,10.0
Juwangi Provinsi :Jawa Tengah,Boyolali,Juwangi,3,3.0,0.0,0.0,0.0,0.0,0.0,0.0,0.0,0.0,0.0,6.0,13.0
Juwangi Provinsi :Jawa Tengah,Boyolali,Juwangi,4,163.0,8.0,0.0,0.0,0.0,0.0,0.0,0.0,0.0,0.0,0.0,0.0
Juwangi Provinsi :Jawa Tengah,Boyolali,Juwangi,5,10.0,2.0,0.0,0.0,81.0,8.0,0.0,0.0,0.0,0.0,10.0,52.0
Juwangi Provinsi :Jawa Tengah,Boyolali,Juwangi,6,0.0,11.0,0.0,0.0,62.0,0.0,0.0,0.0,0.0,0.0,0.0,0.0
Juwangi Provinsi :Jawa Tengah,Boyolali,Juwangi,7,0.0,25.0,5.0,4.0,0.0,0.0,0.0,0.0,0.0,0.0,21.0,164.0
Juwangi Provinsi :Jawa Tengah,Boyolali,Juwangi,8,0.0,12.0,3.0,0.0,0.0,47.0,0.0,0.0,0.0,0.0,17.0,0.0
Juwangi Provinsi :Jawa Tengah,Boyolali,Juwangi,9,35.0,4.0,21.0,0.0,0.0,3.0,0.0,0.0,0.0,0.0,14.0,4.0
Juwangi Provinsi :Jawa Tengah,Boyolali,Juwangi,10,0.0,0.0,0.0,0.0,0.0,0.0,0.0,51.0,0.0,0.0,0.0,0.0
Juwangi Provinsi :Jawa Tengah,Boyolali,Juwangi,11,0.0,0.0,0.0,41.0,0.0,0.0,0.0,0.0,0.0,0.0,0.0,17.0
Juwangi Provinsi :Jawa Tengah,Boyolali,Juwangi,12,29.0,5.0,0.0,0.0,0.0,0.0,0.0,0.0,0.0,0.0,0.0,26.0
Juwangi Provinsi :Jawa Tengah,Boyolali,Juwangi,13,22.0,7.0,0.0,0.0,0.0,0.0,0.0,0.0,0.0,0.0,0.0,0.0
Juwangi Provinsi :Jawa Tengah,Boyolali,Juwangi,14,6.0,23.0,38.0,0.0,0.0,0.0,0.0,35.0,0.0,0.0,0.0,0.0
Juwangi Provinsi :Jawa Tengah,Boyolali,Juwangi,15,0.0,14.0,0.0,0.0,0.0,2.0,0.0,0.0,32.0,0.0,0.0,0.0
Juwangi Provinsi :Jawa Tengah,Boyolali,Juwangi,16,184.0,0.0,0.0,0.0,0.0,22.0,0.0,0.0,0.0,0.0,0.0,0.0
Juwangi Provinsi :Jawa Tengah,Boyolali,Juwangi,17,151.0,0.0,66.0,0.0,0.0,0.0,0.0,0.0,21.0,0.0,130.0,63.0
Juwangi Provinsi :Jawa Tengah,Boyolali,Juwangi,18,17.0,16.0,30.0,0.0,0.0,0.0,0.0,0.0,0.0,162.0,122.0,0.0
Juwangi Provinsi :Jawa Tengah,Boyolali,Juwangi,19,13.0,43.0,12.0,0.0,0.0,0.0,0.0,0.0,0.0,225.0,11.0,221.0
Juwangi Provinsi :Jawa Tengah,Boyolali,Juwangi,20,0.0,18.0,0.0,0.0,0.0,0.0,0.0,0.0,0.0,8.0,0.0,5.0
Juwangi Provinsi :Jawa Tengah,Boyolali,Juwangi,21,2.0,0.0,0.0,0.0,0.0,0.0,0.0,0.0,0.0,0.0,0.0,4.0
Juwangi Provinsi :Jawa Tengah,Boyolali,Juwangi,22,0.0,10.0,19.0,0.0,0.0,4.0,0.0,0.0,0.0,81.0,18.0,7.0
Juwangi Provinsi :Jawa Tengah,Boyolali,Juwangi,23,48.0,6.0,0.0,0.0,3.0,0.0,0.0,0.0,18.0,94.0,4.0,3.0
Juwangi Provinsi :Jawa Tengah,Boyolali,Juwangi,24,0.0,0.0,0.0,0.0,0.0,0.0,0.0,0.0,1.0,0.0,19.0,0.0
Juwangi Provinsi :Jawa Tengah,Boyolali,Juwangi,25,37.0,17.0,164.0,104.0,47.0,0.0,0.0,0.0,0.0,0.0,0.0,0.0
Juwangi Provinsi :Jawa Tengah,Boyolali,Juwangi,26,0.0,46.0,22.0,22.0,0.0,0.0,0.0,0.0,143.0,0.0,3.0,0.0
Juwangi Provinsi :Jawa Tengah,Boyolali,Juwangi,27,4.0,7.0,0.0,0.0,0.0,0.0,0.0,0.0,7.0,0.0,0.0,6.0
Juwangi Provinsi :Jawa Tengah,Boyolali,Juwangi,28,52.0,0.0,7.0,7.0,0.0,6.0,0.0,0.0,11.0,3.0,0.0,108.0
Juwangi Provinsi :Jawa Tengah,Boyolali,Juwangi,29,196.0,0.0,0.0,0.0,0.0,0.0,0.0,0.0,0.0,0.0,0.0,0.0
Wilalung Provinsi :Jawa Tengah,Kudus,Undaan,1,3.5,0.0,0.0,0.0,0.0,0.0,0.0,0.0,0.0,1.5,0.0,2.5
Wilalung Provinsi :Jawa Tengah,Kudus,Undaan,2,0.0,0.5,0.0,7.0,0.0,0.0,0.0,0.0,0.0,0.0,0.5,11.0
Wilalung Provinsi :Jawa Tengah,Kudus,Undaan,3,1.0,0.0,9.5,0.0,0.0,48.0,27.5,0.0,0.0,0.0,6.0,15.0
Wilalung Provinsi :Jawa Tengah,Kudus,Undaan,4,0.5,3.0,10.5,24.0,0.0,0.0,0.0,0.0,0.0,0.0,18.5,0.0
Wilalung Provinsi :Jawa Tengah,Kudus,Undaan,5,0.0,3.0,0.5,4.0,0.0,11.0,0.0,0.0,0.0,108.0,4.2,4.0
Wilalung Provinsi :Jawa Tengah,Kudus,Undaan,6,0.0,27.0,0.0,43.5,0.0,8.0,38.0,0.0,0.0,0.0,3.0,6.0
Wilalung Provinsi :Jawa Tengah,Kudus,Undaan,7,0.0,8.0,0.0,0.0,0.0,18.0,38.5,0.0,0.0,31.0,21.5,0.0
Wilalung Provinsi :Jawa Tengah,Kudus,Undaan,8,2.0,11.0,14.0,0.0,34.5,1.0,0.0,0.0,0.0,20.2,8.5,2.0
Wilalung Provinsi :Jawa Tengah,Kudus,Undaan,9,1.0,39.0,16.0,0.0,0.5,0.0,0.0,0.0,0.0,20.5,0.0,0.0
Wilalung Provinsi :Jawa Tengah,Kudus,Undaan,10,10.0,2.0,62.0,29.0,0.0,0.0,0.0,0.0,0.0,42.5,5.5,37.7
Wilalung Provinsi :Jawa Tengah,Kudus,Undaan,11,3.0,5.5,0.0,0.0,0.0,14.0,0.0,1.0,0.0,10.3,33.5,0.0
Wilalung Provinsi :Jawa Tengah,Kudus,Undaan,12,29.0,27.0,3.0,4.0,0.0,2.0,0.0,0.0,0.0,9.0,6.3,19.5
Wilalung Provinsi :Jawa Tengah,Kudus,Undaan,13,32.5,36.5,9.0,0.0,0.0,1.5,0.0,0.0,0.0,15.8,1.7,3.3
Wilalung Provinsi :Jawa Tengah,Kudus,Undaan,14,1.0,12.0,0.0,1.0,0.0,0.0,11.0,63.0,0.0,2.5,1.0,0.0
Wilalung Provinsi :Jawa Tengah,Kudus,Undaan,15,0.0,1.0,33.0,0.0,0.0,1.0,0.0,0.0,0.0,15.0,10.0,0.0
Wilalung Provinsi :Jawa Tengah,Kudus,Undaan,16,16.0,0.0,11.0,0.0,41.5,0.0,0.0,0.0,7.0,15.3,29.0,31.5
Wilalung Provinsi :Jawa Tengah,Kudus,Undaan,17,1.5,15.5,0.0,0.0,2.5,1.0,18.5,0.0,0.0,0.0,3.0,34.3
Wilalung Provinsi :Jawa Tengah,Kudus,Undaan,18,2.0,0.0,0.0,0.5,0.0,33.0,0.0,0.0,0.0,0.0,3.0,9.0
Wilalung Provinsi :Jawa Tengah,Kudus,Undaan,19,8.0,15.0,22.0,0.0,18.0,0.0,0.0,0.0,0.0,0.7,18.5,0.0
Wilalung Provinsi :Jawa Tengah,Kudus,Undaan,20,42.5,0.0,0.0,12.0,4.0,0.0,0.0,0.0,25.0,0.0,0.0,0.0
Wilalung Provinsi :Jawa Tengah,Kudus,Undaan,21,19.0,0.0,14.0,0.0,10.0,0.0,0.0,0.0,0.0,8.8,14.5,0.0
Wilalung Provinsi :Jawa Tengah,Kudus,Undaan,22,19.5,13.0,0.0,0.0,50.0,0.0,0.0,0.0,0.0,2.5,0.0,7.7
Wilalung Provinsi :Jawa Tengah,Kudus,Undaan,23,0.0,0.0,9.0,0.0,0.0,0.0,0.0,0.0,0.0,0.0,0.0,4.5
Wilalung Provinsi :Jawa Tengah,Kudus,Undaan,24,7.5,4.5,13.5,1.0,0.0,0.0,0.0,0.0,0.0,0.0,0.0,4.5
Wilalung Provinsi :Jawa Tengah,Kudus,Undaan,25,0.0,0.0,0.0,0.5,0.0,0.0,0.0,0.0,6.0,2.5,1.5,44.0
Wilalung Provinsi :Jawa Tengah,Kudus,Undaan,26,0.0,0.0,0.0,61.0,0.0,40.0,0.0,0.0,0.0,0.5,20.0,2.7
Wilalung Provinsi :Jawa Tengah,Kudus,Undaan,27,32.0,22.5,0.0,32.5,28.0,4.0,0.0,0.0,0.0,0.0,0.0,41.7
Wilalung Provinsi :Jawa Tengah,Kudus,Undaan,28,2.0,11.0,8.5,23.0,0.0,46.0,0.0,0.0,0.0,0.0,20.0,0.0
Berugenjang Provinsi : Jawa Tengah,Kudus,Undaan,1,0.0,0.0,4.0,0.0,29.0,0.0,0.0,0.0,0.0,0.0,0.0,0.0
Berugenjang Provinsi : Jawa Tengah,Kudus,Undaan,2,0.0,0.0,0.0,0.0,0.0,0.0,0.0,0.0,0.0,0.0,0.0,0.0
Berugenjang Provinsi : Jawa Tengah,Kudus,Undaan,3,0.0,0.0,10.0,0.0,0.0,10.0,12.0,0.0,0.0,0.0,12.0,19.0
Berugenjang Provinsi : Jawa Tengah,Kudus,Undaan,4,0.0,3.0,5.0,54.0,0.0,0.0,0.0,0.0,0.0,0.0,0.0,0.0
Berugenjang Provinsi : Jawa Tengah,Kudus,Undaan,5,0.0,0.0,0.0,28.0,0.0,6.0,0.0,0.0,0.0,28.0,0.0,12.0
Berugenjang Provinsi : Jawa Tengah,Kudus,Undaan,6,0.0,0.0,0.0,0.0,0.0,20.0,53.0,0.0,0.0,32.0,0.0,0.0
Berugenjang Provinsi : Jawa Tengah,Kudus,Undaan,7,0.0,31.0,0.0,0.0,0.0,10.0,18.0,0.0,0.0,23.0,10.0,0.0
Berugenjang Provinsi : Jawa Tengah,Kudus,Undaan,8,45.0,5.0,10.0,0.0,0.0,12.0,0.0,0.0,0.0,40.0,6.0,0.0
Berugenjang Provinsi : Jawa Tengah,Kudus,Undaan,9,0.0,11.0,16.0,0.0,0.0,0.0,0.0,0.0,0.0,20.0,0.0,0.0
Berugenjang Provinsi : Jawa Tengah,Kudus,Undaan,10,0.0,0.0,38.0,18.0,0.0,0.0,0.0,0.0,0.0,33.0,3.0,36.0
Berugenjang Provinsi : Jawa Tengah,Kudus,Undaan,11,0.0,5.0,0.0,0.0,0.0,8.0,0.0,0.0,0.0,10.0,29.0,0.0
Berugenjang Provinsi : Jawa Tengah,Kudus,Undaan,12,0.0,31.0,0.0,0.0,0.0,1.0,0.0,0.0,0.0,13.0,4.0,20.0
Berugenjang Provinsi : Jawa Tengah,Kudus,Undaan,13,25.0,30.0,3.0,0.0,0.0,0.0,3.0,0.0,0.0,0.0,1.0,0.0
Berugenjang Provinsi : Jawa Tengah,Kudus,Undaan,14,5.0,0.0,0.0,0.0,0.0,0.0,9.0,77.0,0.0,2.0,0.0,22.0
Berugenjang Provinsi : Jawa Tengah,Kudus,Undaan,15,0.0,0.0,16.0,0.0,0.0,3.0,0.0,0.0,0.0,4.0,0.0,0.0
Berugenjang Provinsi : Jawa Tengah,Kudus,Undaan,16,4.0,0.0,0.0,10.0,28.0,0.0,0.0,10.0,8.0,0.0,0.0,58.0
Berugenjang Provinsi : Jawa Tengah,Kudus,Undaan,17,3.0,47.0,0.0,0.0,0.0,8.0,25.0,0.0,0.0,0.0,0.0,0.0
Berugenjang Provinsi : Jawa Tengah,Kudus,Undaan,18,6.0,0.0,0.0,4.0,0.0,9.0,0.0,0.0,0.0,0.0,0.0,0.0
Berugenjang Provinsi : Jawa Tengah,Kudus,Undaan,19,6.0,21.0,0.0,0.0,1.0,0.0,0.0,0.0,0.0,0.0,0.0,0.0
Berugenjang Provinsi : Jawa Tengah,Kudus,Undaan,20,23.0,0.0,0.0,0.0,1.0,0.0,0.0,0.0,15.0,0.0,12.0,0.0
Berugenjang Provinsi : Jawa Tengah,Kudus,Undaan,21,30.0,0.0,0.0,7.0,1.0,0.0,0.0,0.0,0.0,0.0,6.0,0.0
Berugenjang Provinsi : Jawa Tengah,Kudus,Undaan,22,13.0,13.0,0.0,0.0,0.0,0.0,0.0,0.0,0.0,0.0,0.0,0.0
Berugenjang Provinsi : Jawa Tengah,Kudus,Undaan,23,0.0,0.0,0.0,0.0,0.0,0.0,0.0,0.0,5.0,0.0,0.0,5.0
Berugenjang Provinsi : Jawa Tengah,Kudus,Undaan,24,0.0,0.0,9.0,0.0,0.0,0.0,0.0,0.0,11.0,14.0,0.0,0.0
Berugenjang Provinsi : Jawa Tengah,Kudus,Undaan,25,0.0,0.0,0.0,0.0,0.0,0.0,0.0,0.0,0.0,19.0,0.0,10.0
Berugenjang Provinsi : Jawa Tengah,Kudus,Undaan,26,7.0,0.0,0.0,70.0,0.0,37.0,0.0,0.0,0.0,0.0,0.0,0.0
Berugenjang Provinsi : Jawa Tengah,Kudus,Undaan,27,31.0,0.0,0.0,0.0,47.0,25.0,0.0,0.0,0.0,0.0,21.0,0.0
Berugenjang Provinsi : Jawa Tengah,Kudus,Undaan,28,0.0,17.0,0.0,0.0,0.0,28.0,0.0,6.0,0.0,0.0,40.0,0.0
Rahtawu Provinsi : Jawa Tengah,Kudus,Gebog,1,5.0,0.0,99.0,0.0,0.0,0.0,0.0,0.0,0.0,0.0,0.0,2.0
Rahtawu Provinsi : Jawa Tengah,Kudus,Gebog,2,14.0,11.0,26.0,0.0,0.0,0.0,0.0,0.0,0.0,0.0,12.0,0.0
Rahtawu Provinsi : Jawa Tengah,Kudus,Gebog,3,0.0,0.0,10.0,0.0,0.0,40.0,0.0,0.0,0.0,10.0,4.0,0.0
Rahtawu Provinsi : Jawa Tengah,Kudus,Gebog,4,0.0,0.0,0.0,13.0,0.0,0.0,0.0,10.0,0.0,22.0,0.0,0.0
Rahtawu Provinsi : Jawa Tengah,Kudus,Gebog,5,0.0,35.0,0.0,0.0,0.0,0.0,42.0,0.0,0.0,0.0,5.0,0.0
Rahtawu Provinsi : Jawa Tengah,Kudus,Gebog,6,0.0,32.0,12.0,0.0,0.0,0.0,0.0,0.0,0.0,0.0,0.0,27.0
Rahtawu Provinsi : Jawa Tengah,Kudus,Gebog,7,0.0,48.0,10.0,20.0,0.0,0.0,0.0,0.0,0.0,39.0,8.0,2.0
Rahtawu Provinsi : Jawa Tengah,Kudus,Gebog,8,18.0,26.0,39.0,0.0,0.0,0.0,20.0,0.0,16.0,0.0,2.0,13.0
Rahtawu Provinsi : Jawa Tengah,Kudus,Gebog,9,17.0,0.0,12.0,0.0,10.0,10.0,0.0,0.0,0.0,0.0,10.0,3.0
Rahtawu Provinsi : Jawa Tengah,Kudus,Gebog,10,68.0,18.0,34.0,0.0,0.0,0.0,0.0,0.0,0.0,0.0,23.0,18.0
Rahtawu Provinsi : Jawa Tengah,Kudus,Gebog,11,66.0,19.0,0.0,10.0,0.0,12.0,0.0,0.0,0.0,0.0,15.0,0.0
Rahtawu Provinsi : Jawa Tengah,Kudus,Gebog,12,194.0,10.0,26.0,15.0,0.0,0.0,0.0,0.0,0.0,0.0,0.0,2.0
Rahtawu Provinsi : Jawa Tengah,Kudus,Gebog,13,20.0,0.0,17.0,0.0,0.0,0.0,10.0,0.0,0.0,2.0,9.0,0.0
Rahtawu Provinsi : Jawa Tengah,Kudus,Gebog,14,25.0,0.0,0.0,0.0,0.0,0.0,150.0,0.0,0.0,18.0,3.0,3.0
Rahtawu Provinsi : Jawa Tengah,Kudus,Gebog,15,46.0,0.0,40.0,26.0,0.0,0.0,0.0,0.0,10.0,16.0,0.0,6.0
Rahtawu Provinsi : Jawa Tengah,Kudus,Gebog,16,27.0,0.0,0.0,0.0,0.0,0.0,33.0,0.0,0.0,0.0,9.0,16.0
Rahtawu Provinsi : Jawa Tengah,Kudus,Gebog,17,23.0,7.0,0.0,0.0,0.0,0.0,0.0,0.0,0.0,3.0,4.0,24.0
Rahtawu Provinsi : Jawa Tengah,Kudus,Gebog,18,33.0,0.0,0.0,18.0,0.0,0.0,0.0,0.0,0.0,0.0,11.0,6.0
Rahtawu Provinsi : Jawa Tengah,Kudus,Gebog,19,50.0,18.0,55.0,0.0,0.0,0.0,21.0,0.0,0.0,31.0,16.0,23.0
Rahtawu Provinsi : Jawa Tengah,Kudus,Gebog,20,185.0,0.0,0.0,0.0,0.0,0.0,0.0,0.0,0.0,36.0,0.0,0.0
Rahtawu Provinsi : Jawa Tengah,Kudus,Gebog,21,28.0,0.0,0.0,40.0,73.0,0.0,0.0,0.0,0.0,1.0,0.0,6.0
Rahtawu Provinsi : Jawa Tengah,Kudus,Gebog,22,5.0,0.0,0.0,0.0,0.0,0.0,0.0,0.0,0.0,39.0,0.0,74.0
Rahtawu Provinsi : Jawa Tengah,Kudus,Gebog,23,10.0,0.0,18.0,0.0,0.0,0.0,0.0,0.0,8.0,8.0,0.0,10.0
Rahtawu Provinsi : Jawa Tengah,Kudus,Gebog,24,6.0,0.0,16.0,55.0,10.0,26.0,0.0,0.0,0.0,0.0,0.0,65.0
Rahtawu Provinsi : Jawa Tengah,Kudus,Gebog,25,34.0,0.0,0.0,0.0,52.0,0.0,0.0,0.0,0.0,2.0,8.0,22.0
Rahtawu Provinsi : Jawa Tengah,Kudus,Gebog,26,60.0,10.0,0.0,0.0,0.0,11.0,0.0,0.0,22.0,9.0,6.0,126.0
Rahtawu Provinsi : Jawa Tengah,Kudus,Gebog,27,86.0,41.0,0.0,0.0,65.0,0.0,0.0,0.0,16.0,0.0,0.0,49.0
Rahtawu Provinsi : Jawa Tengah,Kudus,Gebog,28,0.0,54.0,11.0,4.0,0.0,0.0,0.0,0.0,0.0,0.0,9.0,72.0
Wd. Gunung Rowo Provinsi : Jawa Tengah,Pati,Tlogo wungu,1,0.0,0.0,0.0,0.0,0.0,34.0,0.0,0.0,0.0,0.0,0.0,12.0
Wd. Gunung Rowo Provinsi : Jawa Tengah,Pati,Tlogo wungu,2,0.0,0.0,0.0,0.0,22.0,0.0,0.0,0.0,0.0,0.0,0.0,19.0
Wd. Gunung Rowo Provinsi : Jawa Tengah,Pati,Tlogo wungu,3,0.0,0.0,0.0,0.0,0.0,0.0,0.0,0.0,0.0,0.0,0.0,0.0
Wd. Gunung Rowo Provinsi : Jawa Tengah,Pati,Tlogo wungu,4,0.0,0.0,22.0,28.0,0.0,0.0,0.0,0.0,0.0,0.0,68.0,0.0
Wd. Gunung Rowo Provinsi : Jawa Tengah,Pati,Tlogo wungu,5,39.0,32.0,18.0,32.0,0.0,24.0,29.0,0.0,0.0,0.0,0.0,0.0
Wd. Gunung Rowo Provinsi : Jawa Tengah,Pati,Tlogo wungu,6,28.0,0.0,0.0,0.0,0.0,0.0,27.0,0.0,0.0,0.0,0.0,13.0
Wd. Gunung Rowo Provinsi : Jawa Tengah,Pati,Tlogo wungu,7,30.0,28.0,39.0,0.0,0.0,0.0,0.0,0.0,0.0,0.0,21.0,22.0
Wd. Gunung Rowo Provinsi : Jawa Tengah,Pati,Tlogo wungu,8,0.0,22.0,85.0,38.0,48.0,28.0,0.0,0.0,0.0,0.0,0.0,23.0
Wd. Gunung Rowo Provinsi : Jawa Tengah,Pati,Tlogo wungu,9,39.0,0.0,41.0,36.0,14.0,24.0,0.0,0.0,0.0,0.0,19.0,0.0
Wd. Gunung Rowo Provinsi : Jawa Tengah,Pati,Tlogo wungu,10,39.0,0.0,0.0,0.0,0.0,0.0,0.0,0.0,10.0,0.0,26.0,0.0
Wd. Gunung Rowo Provinsi : Jawa Tengah,Pati,Tlogo wungu,11,42.0,0.0,26.0,0.0,0.0,0.0,15.0,0.0,11.0,25.0,38.0,0.0
Wd. Gunung Rowo Provinsi : Jawa Tengah,Pati,Tlogo wungu,12,32.0,0.0,19.0,36.0,0.0,0.0,0.0,0.0,0.0,0.0,16.0,0.0
Wd. Gunung Rowo Provinsi : Jawa Tengah,Pati,Tlogo wungu,13,22.0,0.0,0.0,0.0,0.0,0.0,19.0,26.0,0.0,0.0,0.0,0.0
Wd. Gunung Rowo Provinsi : Jawa Tengah,Pati,Tlogo wungu,14,37.0,22.0,42.0,0.0,0.0,16.0,124.0,17.0,0.0,28.0,0.0,0.0
Wd. Gunung Rowo Provinsi : Jawa Tengah,Pati,Tlogo wungu,15,28.0,0.0,38.0,0.0,0.0,0.0,16.0,20.0,0.0,0.0,19.0,0.0
Wd. Gunung Rowo Provinsi : Jawa Tengah,Pati,Tlogo wungu,16,33.0,28.0,0.0,0.0,0.0,0.0,31.0,22.0,0.0,29.0,0.0,39.0
Wd. Gunung Rowo Provinsi : Jawa Tengah,Pati,Tlogo wungu,17,46.0,0.0,14.0,0.0,11.0,18.0,11.0,0.0,0.0,0.0,30.0,22.0
Wd. Gunung Rowo Provinsi : Jawa Tengah,Pati,Tlogo wungu,18,30.0,32.0,0.0,18.0,0.0,0.0,18.0,0.0,0.0,28.0,22.0,13.0
Wd. Gunung Rowo Provinsi : Jawa Tengah,Pati,Tlogo wungu,19,0.0,49.0,28.0,24.0,24.0,0.0,0.0,0.0,12.0,11.0,0.0,16.0
Wd. Gunung Rowo Provinsi : Jawa Tengah,Pati,Tlogo wungu,20,39.0,0.0,18.0,21.0,28.0,0.0,0.0,0.0,0.0,22.0,0.0,0.0
Wd. Gunung Rowo Provinsi : Jawa Tengah,Pati,Tlogo wungu,21,0.0,0.0,0.0,0.0,22.0,0.0,0.0,0.0,0.0,28.0,11.0,0.0
Wd. Gunung Rowo Provinsi : Jawa Tengah,Pati,Tlogo wungu,22,13.0,0.0,35.0,0.0,0.0,0.0,0.0,0.0,0.0,0.0,18.0,19.0
Wd. Gunung Rowo Provinsi : Jawa Tengah,Pati,Tlogo wungu,23,0.0,0.0,24.0,0.0,28.0,36.0,11.0,0.0,0.0,0.0,12.0,22.0
Wd. Gunung Rowo Provinsi : Jawa Tengah,Pati,Tlogo wungu,24,0.0,0.0,16.0,0.0,14.0,0.0,6.0,0.0,0.0,26.0,6.0,22.0
Wd. Gunung Rowo Provinsi : Jawa Tengah,Pati,Tlogo wungu,25,0.0,0.0,0.0,0.0,0.0,38.0,0.0,0.0,20.0,26.0,26.0,14.0
Wd. Gunung Rowo Provinsi : Jawa Tengah,Pati,Tlogo wungu,26,26.0,25.0,0.0,22.0,40.0,18.0,0.0,0.0,24.0,12.0,0.0,16.0
Wd. Gunung Rowo Provinsi : Jawa Tengah,Pati,Tlogo wungu,27,23.0,36.0,18.0,24.0,0.0,36.0,0.0,23.0,0.0,10.0,16.0,25.0
Wd. Gunung Rowo Provinsi : Jawa Tengah,Pati,Tlogo wungu,28,0.0,42.0,9.0,0.0,22.0,0.0,0.0,0.0,0.0,0.0,29.0,18.0
Wd. Gembong Provinsi : Jawa Tengah,Pati,Gembong,1,0.0,0.0,39.0,0.0,0.0,0.0,0.0,0.0,0.0,0.0,0.0,8.0
Wd. Gembong Provinsi : Jawa Tengah,Pati,Gembong,2,0.0,0.0,0.0,0.0,0.0,19.0,0.0,0.0,0.0,0.0,0.0,4.0
Wd. Gembong Provinsi : Jawa Tengah,Pati,Gembong,3,0.0,0.0,0.0,0.0,0.0,0.0,4.0,0.0,0.0,0.0,0.0,0.0
Wd. Gembong Provinsi : Jawa Tengah,Pati,Gembong,4,0.0,0.0,0.0,0.0,5.0,5.0,0.0,0.0,0.0,7.0,0.0,12.0
Wd. Gembong Provinsi : Jawa Tengah,Pati,Gembong,5,0.0,0.0,3.0,37.0,0.0,0.0,0.0,0.0,0.0,11.0,29.0,3.0
Wd. Gembong Provinsi : Jawa Tengah,Pati,Gembong,6,0.0,24.0,9.0,59.0,0.0,28.0,8.0,0.0,0.0,3.0,0.0,9.0
Wd. Gembong Provinsi : Jawa Tengah,Pati,Gembong,7,4.0,68.0,0.0,29.0,0.0,0.0,0.0,0.0,0.0,5.0,27.0,0.0
Wd. Gembong Provinsi : Jawa Tengah,Pati,Gembong,8,7.0,0.0,37.0,3.0,0.0,6.0,0.0,0.0,0.0,8.0,0.0,67.0
Wd. Gembong Provinsi : Jawa Tengah,Pati,Gembong,9,19.0,0.0,11.0,53.0,15.0,0.0,0.0,0.0,0.0,6.0,4.0,15.0
Wd. Gembong Provinsi : Jawa Tengah,Pati,Gembong,10,52.0,10.0,27.0,0.0,3.0,8.0,0.0,0.0,0.0,0.0,52.0,6.0
Wd. Gembong Provinsi : Jawa Tengah,Pati,Gembong,11,34.0,0.0,12.0,0.0,0.0,0.0,0.0,0.0,0.0,4.0,31.0,0.0
Wd. Gembong Provinsi : Jawa Tengah,Pati,Gembong,12,96.0,4.0,9.0,0.0,0.0,29.0,0.0,0.0,0.0,12.0,3.0,0.0
Wd. Gembong Provinsi : Jawa Tengah,Pati,Gembong,13,13.0,0.0,0.0,0.0,0.0,3.0,3.0,0.0,0.0,9.0,28.0,0.0
Wd. Gembong Provinsi : Jawa Tengah,Pati,Gembong,14,28.0,0.0,0.0,0.0,8.0,0.0,147.0,38.0,0.0,10.0,4.0,0.0
Wd. Gembong Provinsi : Jawa Tengah,Pati,Gembong,15,9.0,0.0,0.0,0.0,0.0,0.0,7.0,0.0,0.0,29.0,11.0,0.0
Wd. Gembong Provinsi : Jawa Tengah,Pati,Gembong,16,5.0,0.0,0.0,0.0,0.0,0.0,0.0,0.0,0.0,0.0,49.0,37.0
Wd. Gembong Provinsi : Jawa Tengah,Pati,Gembong,17,0.0,18.0,8.0,3.0,0.0,0.0,0.0,0.0,0.0,0.0,5.0,87.0
Wd. Gembong Provinsi : Jawa Tengah,Pati,Gembong,18,3.0,0.0,11.0,0.0,3.0,0.0,0.0,0.0,0.0,0.0,12.0,64.0
Wd. Gembong Provinsi : Jawa Tengah,Pati,Gembong,19,11.0,38.0,0.0,4.0,0.0,0.0,0.0,0.0,0.0,22.0,8.0,14.0
Wd. Gembong Provinsi : Jawa Tengah,Pati,Gembong,20,52.0,4.0,4.0,19.0,27.0,0.0,0.0,0.0,0.0,0.0,14.0,10.0
Wd. Gembong Provinsi : Jawa Tengah,Pati,Gembong,21,7.0,0.0,0.0,24.0,35.0,23.0,0.0,0.0,0.0,0.0,0.0,39.0
Wd. Gembong Provinsi : Jawa Tengah,Pati,Gembong,22,0.0,0.0,0.0,8.0,0.0,0.0,0.0,0.0,0.0,11.0,0.0,43.0
Wd. Gembong Provinsi : Jawa Tengah,Pati,Gembong,23,2.0,7.0,0.0,11.0,21.0,0.0,0.0,0.0,0.0,0.0,19.0,18.0
Wd. Gembong Provinsi : Jawa Tengah,Pati,Gembong,24,0.0,3.0,5.0,5.0,0.0,41.0,0.0,0.0,0.0,0.0,0.0,21.0
Wd. Gembong Provinsi : Jawa Tengah,Pati,Gembong,25,0.0,0.0,11.0,21.0,5.0,8.0,0.0,0.0,0.0,17.0,4.0,32.0
Wd. Gembong Provinsi : Jawa Tengah,Pati,Gembong,26,8.0,21.0,8.0,16.0,0.0,30.0,0.0,0.0,31.0,0.0,17.0,67.0
Wd. Gembong Provinsi : Jawa Tengah,Pati,Gembong,27,49.0,37.0,0.0,12.0,0.0,4.0,0.0,0.0,24.0,29.0,0.0,81.0
Wd. Gembong Provinsi : Jawa Tengah,Pati,Gembong,28,0.0,41.0,0.0,0.0,8.0,42.0,0.0,16.0,0.0,0.0,59.0,7.0
Pucakwangi Provinsi : Jawa Tengah,Pati,Pucakwangi,1,0.0,9.0,16.0,6.0,0.0,0.0,0.0,0.0,0.0,0.0,0.0,35.0
Pucakwangi Provinsi : Jawa Tengah,Pati,Pucakwangi,2,0.0,0.0,6.0,0.0,0.0,0.0,0.0,0.0,0.0,2.0,0.0,23.0
Pucakwangi Provinsi : Jawa Tengah,Pati,Pucakwangi,3,0.0,25.0,0.0,0.0,0.0,0.0,0.0,0.0,0.0,0.0,0.0,0.0
Pucakwangi Provinsi : Jawa Tengah,Pati,Pucakwangi,4,0.0,11.0,21.0,6.0,0.0,0.0,0.0,0.0,0.0,39.0,0.0,11.0
Pucakwangi Provinsi : Jawa Tengah,Pati,Pucakwangi,5,0.0,9.0,0.0,0.0,0.0,0.0,0.0,0.0,0.0,16.0,2.0,0.0
Pucakwangi Provinsi : Jawa Tengah,Pati,Pucakwangi,6,0.0,10.0,18.0,27.0,0.0,39.0,27.0,0.0,0.0,12.0,9.0,0.0
Pucakwangi Provinsi : Jawa Tengah,Pati,Pucakwangi,7,0.0,0.0,6.0,0.0,0.0,0.0,17.0,0.0,0.0,14.0,29.0,0.0
Pucakwangi Provinsi : Jawa Tengah,Pati,Pucakwangi,8,17.0,4.0,67.0,5.0,7.0,2.0,0.0,0.0,2.0,0.0,8.0,0.0
Pucakwangi Provinsi : Jawa Tengah,Pati,Pucakwangi,9,0.0,3.0,0.0,0.0,22.0,12.0,0.0,0.0,0.0,0.0,0.0,0.0
Pucakwangi Provinsi : Jawa Tengah,Pati,Pucakwangi,10,5.0,0.0,6.0,15.0,2.0,0.0,0.0,0.0,0.0,6.0,0.0,9.0
Pucakwangi Provinsi : Jawa Tengah,Pati,Pucakwangi,11,0.0,0.0,15.0,0.0,0.0,22.0,0.0,0.0,0.0,0.0,33.0,0.0
Pucakwangi Provinsi : Jawa Tengah,Pati,Pucakwangi,12,23.0,0.0,4.0,0.0,0.0,0.0,0.0,0.0,0.0,0.0,83.0,0.0
Pucakwangi Provinsi : Jawa Tengah,Pati,Pucakwangi,13,9.0,0.0,0.0,0.0,13.0,7.0,0.0,0.0,0.0,0.0,17.0,0.0
Pucakwangi Provinsi : Jawa Tengah,Pati,Pucakwangi,14,5.0,36.0,2.0,0.0,0.0,0.0,22.0,17.0,0.0,7.0,0.0,0.0
Pucakwangi Provinsi : Jawa Tengah,Pati,Pucakwangi,15,0.0,0.0,12.0,0.0,0.0,0.0,0.0,1.0,0.0,73.0,0.0,0.0
Pucakwangi Provinsi : Jawa Tengah,Pati,Pucakwangi,16,0.0,0.0,19.0,0.0,2.0,0.0,0.0,0.0,6.0,32.0,33.0,46.0
Pucakwangi Provinsi : Jawa Tengah,Pati,Pucakwangi,17,0.0,7.0,9.0,0.0,6.0,13.0,0.0,0.0,0.0,3.0,0.0,36.0
Pucakwangi Provinsi : Jawa Tengah,Pati,Pucakwangi,18,0.0,2.0,0.0,0.0,0.0,16.0,0.0,0.0,0.0,7.0,58.0,0.0
Pucakwangi Provinsi : Jawa Tengah,Pati,Pucakwangi,19,3.0,50.0,0.0,0.0,3.0,0.0,0.0,0.0,0.0,0.0,5.0,0.0
Pucakwangi Provinsi : Jawa Tengah,Pati,Pucakwangi,20,16.0,0.0,30.0,0.0,8.0,0.0,0.0,0.0,0.0,6.0,0.0,41.0
Pucakwangi Provinsi : Jawa Tengah,Pati,Pucakwangi,21,14.0,10.0,16.0,7.0,7.0,25.0,0.0,0.0,0.0,0.0,0.0,46.0
Pucakwangi Provinsi : Jawa Tengah,Pati,Pucakwangi,22,0.0,0.0,0.0,4.0,8.0,3.0,0.0,0.0,0.0,15.0,5.0,3.0
Pucakwangi Provinsi : Jawa Tengah,Pati,Pucakwangi,23,0.0,0.0,7.0,0.0,0.0,0.0,0.0,0.0,0.0,2.0,20.0,3.0
Pucakwangi Provinsi : Jawa Tengah,Pati,Pucakwangi,24,0.0,0.0,26.0,0.0,0.0,6.0,0.0,0.0,0.0,0.0,11.0,10.0
Pucakwangi Provinsi : Jawa Tengah,Pati,Pucakwangi,25,0.0,0.0,0.0,0.0,0.0,0.0,0.0,0.0,0.0,3.0,0.0,4.0
Pucakwangi Provinsi : Jawa Tengah,Pati,Pucakwangi,26,2.0,2.0,0.0,32.0,0.0,13.0,0.0,0.0,18.0,0.0,0.0,2.0
Pucakwangi Provinsi : Jawa Tengah,Pati,Pucakwangi,27,9.0,7.0,7.0,5.0,19.0,24.0,0.0,0.0,18.0,0.0,0.0,44.0
Pucakwangi Provinsi : Jawa Tengah,Pati,Pucakwangi,28,0.0,28.0,0.0,11.0,0.0,8.0,0.0,13.0,0.0,0.0,21.0,6.0
Prawoto Provinsi : Jawa Tengah,Pati,Sukolilo,1,0.0,0.0,17.0,1.0,11.0,0.0,0.0,0.0,0.0,13.0,0.0,22.0
Prawoto Provinsi : Jawa Tengah,Pati,Sukolilo,2,8.0,0.0,0.0,0.0,27.0,0.0,0.0,0.0,0.0,13.0,0.0,2.0
Prawoto Provinsi : Jawa Tengah,Pati,Sukolilo,3,0.0,0.0,0.0,0.0,0.0,0.0,0.0,0.0,0.0,8.0,36.0,0.0
Prawoto Provinsi : Jawa Tengah,Pati,Sukolilo,4,0.0,6.0,7.0,35.0,0.0,0.0,15.0,0.0,0.0,2.0,0.0,0.0
Prawoto Provinsi : Jawa Tengah,Pati,Sukolilo,5,0.0,10.0,0.0,5.0,7.0,13.0,0.0,0.0,0.0,83.0,23.0,9.0
Prawoto Provinsi : Jawa Tengah,Pati,Sukolilo,6,0.0,7.0,0.0,18.0,0.0,14.0,43.0,0.0,0.0,0.0,2.0,0.0
Prawoto Provinsi : Jawa Tengah,Pati,Sukolilo,7,0.0,10.0,0.0,0.0,0.0,37.0,0.0,0.0,0.0,53.0,69.0,0.0
Prawoto Provinsi : Jawa Tengah,Pati,Sukolilo,8,10.0,10.0,17.0,0.0,0.0,7.0,0.0,0.0,0.0,16.0,2.0,0.0
Prawoto Provinsi : Jawa Tengah,Pati,Sukolilo,9,0.0,30.0,26.0,0.0,0.0,3.0,0.0,0.0,5.0,16.0,0.0,0.0
Prawoto Provinsi : Jawa Tengah,Pati,Sukolilo,10,5.0,3.0,19.0,34.0,0.0,0.0,0.0,0.0,0.0,28.0,5.0,61.0
Prawoto Provinsi : Jawa Tengah,Pati,Sukolilo,11,3.0,2.0,0.0,0.0,0.0,0.0,0.0,0.0,0.0,37.0,47.0,0.0
Prawoto Provinsi : Jawa Tengah,Pati,Sukolilo,12,19.0,44.0,4.0,0.0,0.0,25.0,0.0,0.0,0.0,9.0,8.0,19.0
Prawoto Provinsi : Jawa Tengah,Pati,Sukolilo,13,20.0,44.0,0.0,6.0,0.0,20.0,5.0,0.0,0.0,9.0,0.0,4.0
Prawoto Provinsi : Jawa Tengah,Pati,Sukolilo,14,0.0,17.0,3.0,0.0,0.0,0.0,13.0,110.0,0.0,4.0,0.0,0.0
Prawoto Provinsi : Jawa Tengah,Pati,Sukolilo,15,0.0,0.0,27.0,0.0,0.0,3.0,0.0,0.0,0.0,12.0,0.0,0.0
Prawoto Provinsi : Jawa Tengah,Pati,Sukolilo,16,0.0,0.0,0.0,0.0,18.0,0.0,0.0,23.0,0.0,77.0,21.0,38.0
Prawoto Provinsi : Jawa Tengah,Pati,Sukolilo,17,0.0,47.0,0.0,0.0,0.0,17.0,39.0,0.0,0.0,0.0,4.0,55.0
Prawoto Provinsi : Jawa Tengah,Pati,Sukolilo,18,5.0,2.0,0.0,38.0,3.0,10.0,0.0,0.0,0.0,3.0,7.0,7.0
Prawoto Provinsi : Jawa Tengah,Pati,Sukolilo,19,9.0,3.0,1.0,0.0,2.0,0.0,0.0,0.0,0.0,0.0,22.0,0.0
Prawoto Provinsi : Jawa Tengah,Pati,Sukolilo,20,29.0,0.0,0.0,11.0,9.0,0.0,0.0,0.0,19.0,0.0,0.0,0.0
Prawoto Provinsi : Jawa Tengah,Pati,Sukolilo,21,22.0,0.0,10.0,0.0,2.0,0.0,0.0,0.0,0.0,2.0,39.0,0.0
Prawoto Provinsi : Jawa Tengah,Pati,Sukolilo,22,0.0,13.0,5.0,0.0,9.0,4.0,0.0,0.0,0.0,9.0,0.0,0.0
Prawoto Provinsi : Jawa Tengah,Pati,Sukolilo,23,0.0,0.0,3.0,0.0,0.0,0.0,0.0,0.0,3.0,20.0,0.0,7.0
Prawoto Provinsi : Jawa Tengah,Pati,Sukolilo,24,24.0,3.0,6.0,9.0,0.0,7.0,0.0,0.0,13.0,7.0,0.0,0.0
Prawoto Provinsi : Jawa Tengah,Pati,Sukolilo,25,0.0,0.0,0.0,0.0,0.0,0.0,0.0,0.0,0.0,0.0,0.0,13.0
Prawoto Provinsi : Jawa Tengah,Pati,Sukolilo,26,3.0,0.0,0.0,17.0,3.0,60.0,0.0,0.0,0.0,0.0,0.0,0.0
Prawoto Provinsi : Jawa Tengah,Pati,Sukolilo,27,34.0,0.0,0.0,0.0,42.0,0.0,0.0,0.0,0.0,0.0,31.0,84.0
Prawoto Provinsi : Jawa Tengah,Pati,Sukolilo,28,0.0,9.0,0.0,13.0,0.0,69.0,0.0,0.0,0.0,0.0,77.0,0.0
Dongan Kedumulyo Provinsi : Jawa Tengah,Pati,Sukolilo,1,3.0,1.0,33.0,0.0,0.0,0.0,0.0,0.0,0.0,0.0,1.0,38.0
Dongan Kedumulyo Provinsi : Jawa Tengah,Pati,Sukolilo,2,45.0,3.0,0.0,0.0,0.0,0.0,0.0,0.0,0.0,0.0,0.0,3.0
Dongan Kedumulyo Provinsi : Jawa Tengah,Pati,Sukolilo,3,0.0,19.0,30.0,0.0,0.0,0.0,5.0,0.0,0.0,0.0,0.0,0.0
Dongan Kedumulyo Provinsi : Jawa Tengah,Pati,Sukolilo,4,0.0,0.0,13.0,22.0,0.0,0.0,0.0,2.0,0.0,30.0,0.0,3.0
Dongan Kedumulyo Provinsi : Jawa Tengah,Pati,Sukolilo,5,0.0,10.0,0.0,10.0,0.0,36.0,0.0,0.0,0.0,4.0,35.0,5.0
Dongan Kedumulyo Provinsi : Jawa Tengah,Pati,Sukolilo,6,0.0,30.0,2.0,36.0,0.0,13.0,46.0,0.0,0.0,9.0,10.0,11.0
Dongan Kedumulyo Provinsi : Jawa Tengah,Pati,Sukolilo,7,0.0,17.0,0.0,0.0,0.0,1.0,1.0,0.0,0.0,10.0,87.0,0.0
Dongan Kedumulyo Provinsi : Jawa Tengah,Pati,Sukolilo,8,56.0,63.0,19.0,9.0,8.0,3.0,0.0,0.0,13.0,5.0,3.0,0.0
Dongan Kedumulyo Provinsi : Jawa Tengah,Pati,Sukolilo,9,0.0,9.0,30.0,0.0,5.0,0.0,0.0,0.0,0.0,25.0,0.0,0.0
Dongan Kedumulyo Provinsi : Jawa Tengah,Pati,Sukolilo,10,10.0,3.0,51.0,50.0,0.0,0.0,0.0,0.0,0.0,3.0,10.0,43.0
Dongan Kedumulyo Provinsi : Jawa Tengah,Pati,Sukolilo,11,6.0,3.0,0.0,0.0,15.0,0.0,0.0,0.0,0.0,49.0,34.0,0.0
Dongan Kedumulyo Provinsi : Jawa Tengah,Pati,Sukolilo,12,8.0,0.0,5.0,8.0,2.0,42.0,0.0,0.0,0.0,45.0,9.0,3.0
Dongan Kedumulyo Provinsi : Jawa Tengah,Pati,Sukolilo,13,29.0,17.0,9.0,7.0,0.0,0.0,0.0,0.0,0.0,2.0,9.0,0.0
Dongan Kedumulyo Provinsi : Jawa Tengah,Pati,Sukolilo,14,0.0,25.0,1.0,0.0,0.0,0.0,25.0,135.0,0.0,17.0,0.0,14.0
Dongan Kedumulyo Provinsi : Jawa Tengah,Pati,Sukolilo,15,0.0,0.0,44.0,0.0,0.0,0.0,0.0,0.0,0.0,18.0,57.0,0.0
Dongan Kedumulyo Provinsi : Jawa Tengah,Pati,Sukolilo,16,0.0,0.0,8.0,0.0,1.0,16.0,3.0,2.0,0.0,28.0,3.0,28.0
Dongan Kedumulyo Provinsi : Jawa Tengah,Pati,Sukolilo,17,3.0,9.0,0.0,0.0,0.0,9.0,45.0,0.0,0.0,0.0,4.0,0.0
Dongan Kedumulyo Provinsi : Jawa Tengah,Pati,Sukolilo,18,6.0,58.0,0.0,0.0,14.0,0.0,0.0,0.0,0.0,20.0,0.0,57.0
Dongan Kedumulyo Provinsi : Jawa Tengah,Pati,Sukolilo,19,18.0,30.0,0.0,0.0,7.0,0.0,0.0,0.0,0.0,0.0,12.0,7.0
Dongan Kedumulyo Provinsi : Jawa Tengah,Pati,Sukolilo,20,32.0,10.0,0.0,36.0,65.0,2.0,0.0,0.0,0.0,1.0,20.0,3.0
Dongan Kedumulyo Provinsi : Jawa Tengah,Pati,Sukolilo,21,0.0,0.0,6.0,3.0,5.0,5.0,0.0,0.0,2.0,0.0,19.0,5.0
Dongan Kedumulyo Provinsi : Jawa Tengah,Pati,Sukolilo,22,20.0,8.0,0.0,23.0,25.0,0.0,0.0,16.0,0.0,10.0,1.0,12.0
Dongan Kedumulyo Provinsi : Jawa Tengah,Pati,Sukolilo,23,0.0,0.0,6.0,0.0,0.0,0.0,0.0,0.0,1.0,0.0,0.0,11.0
Dongan Kedumulyo Provinsi : Jawa Tengah,Pati,Sukolilo,24,6.0,42.0,2.0,0.0,0.0,0.0,5.0,0.0,0.0,6.0,0.0,10.0
Dongan Kedumulyo Provinsi : Jawa Tengah,Pati,Sukolilo,25,0.0,2.0,0.0,2.0,6.0,0.0,0.0,0.0,0.0,0.0,0.0,23.0
Dongan Kedumulyo Provinsi : Jawa Tengah,Pati,Sukolilo,26,5.0,0.0,0.0,39.0,0.0,52.0,0.0,0.0,0.0,2.0,0.0,7.0
Dongan Kedumulyo Provinsi : Jawa Tengah,Pati,Sukolilo,27,44.0,76.0,0.0,3.0,37.0,7.0,0.0,0.0,0.0,0.0,0.0,47.0
Dongan Kedumulyo Provinsi : Jawa Tengah,Pati,Sukolilo,28,0.0,36.0,0.0,28.0,0.0,34.0,0.0,0.0,0.0,0.0,11.0,4.0
Randugunting Provinsi : Jawa Tengah,Pati,Batangan,1,0.0,5.0,7.0,24.0,0.0,0.0,0.0,0.0,0.0,0.0,0.0,7.0
Randugunting Provinsi : Jawa Tengah,Pati,Batangan,2,0.0,2.0,8.0,0.0,0.0,0.0,0.0,0.0,0.0,0.0,0.0,23.0
Randugunting Provinsi : Jawa Tengah,Pati,Batangan,3,0.0,0.0,0.0,0.0,0.0,4.0,0.0,0.0,0.0,66.0,0.0,0.0
Randugunting Provinsi : Jawa Tengah,Pati,Batangan,4,5.0,0.0,15.0,24.0,0.0,9.0,0.0,0.0,0.0,5.0,0.0,0.0
Randugunting Provinsi : Jawa Tengah,Pati,Batangan,5,0.0,0.0,25.0,3.0,0.0,0.0,32.0,32.0,0.0,12.0,0.0,0.0
Randugunting Provinsi : Jawa Tengah,Pati,Batangan,6,0.0,11.0,10.0,0.0,0.0,30.0,5.0,5.0,0.0,11.0,0.0,10.0
Randugunting Provinsi : Jawa Tengah,Pati,Batangan,7,8.0,8.0,6.0,0.0,0.0,0.0,5.0,5.0,0.0,15.0,0.0,0.0
Randugunting Provinsi : Jawa Tengah,Pati,Batangan,8,22.0,2.0,70.0,18.0,17.0,0.0,0.0,0.0,0.0,22.0,0.0,0.0
Randugunting Provinsi : Jawa Tengah,Pati,Batangan,9,7.0,3.0,7.0,5.0,4.0,0.0,0.0,0.0,0.0,0.0,0.0,0.0
Randugunting Provinsi : Jawa Tengah,Pati,Batangan,10,6.0,0.0,0.0,14.0,0.0,0.0,0.0,0.0,0.0,0.0,0.0,0.0
Randugunting Provinsi : Jawa Tengah,Pati,Batangan,11,7.0,0.0,0.0,0.0,0.0,0.0,0.0,0.0,3.0,0.0,25.0,0.0
Randugunting Provinsi : Jawa Tengah,Pati,Batangan,12,15.0,5.0,7.0,0.0,0.0,0.0,0.0,0.0,0.0,4.0,40.0,0.0
Randugunting Provinsi : Jawa Tengah,Pati,Batangan,13,7.0,15.0,2.0,0.0,0.0,0.0,0.0,0.0,0.0,6.0,0.0,0.0
Randugunting Provinsi : Jawa Tengah,Pati,Batangan,14,6.0,40.0,4.0,0.0,0.0,0.0,11.0,11.0,0.0,4.0,0.0,0.0
Randugunting Provinsi : Jawa Tengah,Pati,Batangan,15,5.0,25.0,8.0,0.0,0.0,0.0,0.0,0.0,0.0,80.0,0.0,0.0
Randugunting Provinsi : Jawa Tengah,Pati,Batangan,16,5.0,2.0,12.0,0.0,42.0,0.0,0.0,0.0,0.0,0.0,0.0,53.0
Randugunting Provinsi : Jawa Tengah,Pati,Batangan,17,6.0,3.0,30.0,0.0,0.0,0.0,11.0,11.0,0.0,11.0,0.0,55.0
Randugunting Provinsi : Jawa Tengah,Pati,Batangan,18,13.0,35.0,0.0,0.0,0.0,0.0,0.0,0.0,0.0,0.0,30.0,25.0
Randugunting Provinsi : Jawa Tengah,Pati,Batangan,19,7.0,65.0,0.0,0.0,0.0,0.0,0.0,0.0,0.0,0.0,0.0,13.0
Randugunting Provinsi : Jawa Tengah,Pati,Batangan,20,0.0,0.0,65.0,0.0,8.0,0.0,0.0,0.0,0.0,0.0,0.0,0.0
Randugunting Provinsi : Jawa Tengah,Pati,Batangan,21,7.0,7.0,13.0,50.0,11.0,6.0,0.0,0.0,0.0,0.0,0.0,0.0
Randugunting Provinsi : Jawa Tengah,Pati,Batangan,22,4.0,0.0,0.0,0.0,0.0,0.0,0.0,0.0,8.0,15.0,0.0,0.0
Randugunting Provinsi : Jawa Tengah,Pati,Batangan,23,0.0,0.0,12.0,23.0,3.0,0.0,0.0,0.0,0.0,0.0,0.0,0.0
Randugunting Provinsi : Jawa Tengah,Pati,Batangan,24,0.0,5.0,0.0,0.0,0.0,22.0,0.0,0.0,0.0,0.0,0.0,0.0
Randugunting Provinsi : Jawa Tengah,Pati,Batangan,25,7.0,0.0,0.0,4.0,0.0,0.0,0.0,0.0,0.0,0.0,0.0,0.0
Randugunting Provinsi : Jawa Tengah,Pati,Batangan,26,5.0,10.0,0.0,6.0,0.0,0.0,0.0,0.0,0.0,0.0,0.0,46.0
Randugunting Provinsi : Jawa Tengah,Pati,Batangan,27,5.0,0.0,0.0,0.0,17.0,17.0,0.0,0.0,0.0,0.0,0.0,15.0
Randugunting Provinsi : Jawa Tengah,Pati,Batangan,28,2.0,11.0,11.0,0.0,0.0,6.0,0.0,0.0,0.0,0.0,104.0,20.0
Sangkrah Provinsi : Jawa Tengah,Rembang,Sumber,1,0.0,0.0,38.0,27.0,0.0,0.0,0.0,0.0,0.0,0.0,13.0,17.0
Sangkrah Provinsi : Jawa Tengah,Rembang,Sumber,2,0.0,0.0,0.0,0.0,0.0,0.0,0.0,0.0,0.0,35.0,21.0,27.0
Sangkrah Provinsi : Jawa Tengah,Rembang,Sumber,3,0.0,0.0,16.0,4.0,0.0,2.5,0.0,0.0,7.5,20.5,7.0,0.0
Sangkrah Provinsi : Jawa Tengah,Rembang,Sumber,4,0.0,0.0,32.0,17.0,0.0,7.0,7.5,0.0,3.0,11.0,3.0,0.0
Sangkrah Provinsi : Jawa Tengah,Rembang,Sumber,5,0.0,3.0,41.0,22.0,0.0,4.0,3.0,0.0,0.0,6.0,1.5,0.0
Sangkrah Provinsi : Jawa Tengah,Rembang,Sumber,6,0.0,1.0,24.5,11.5,4.5,0.0,0.0,0.0,0.0,13.0,18.0,0.0
Sangkrah Provinsi : Jawa Tengah,Rembang,Sumber,7,15.0,35.5,23.0,0.0,5.5,0.0,0.0,0.0,0.0,23.0,0.0,0.0
Sangkrah Provinsi : Jawa Tengah,Rembang,Sumber,8,21.0,13.0,11.5,7.0,21.5,0.0,0.0,0.0,0.0,5.0,23.0,0.0
Sangkrah Provinsi : Jawa Tengah,Rembang,Sumber,9,7.5,21.0,3.0,0.0,32.0,0.0,0.0,17.0,8.5,0.0,17.0,0.0
Sangkrah Provinsi : Jawa Tengah,Rembang,Sumber,10,31.0,6.5,15.0,3.0,13.0,0.0,0.0,13.0,1.0,19.0,9.5,0.0
Sangkrah Provinsi : Jawa Tengah,Rembang,Sumber,11,4.5,0.0,28.0,14.0,8.0,6.5,0.0,0.0,0.0,27.0,6.5,0.0
Sangkrah Provinsi : Jawa Tengah,Rembang,Sumber,12,1.0,0.0,7.0,5.0,0.0,21.0,0.0,0.0,0.0,13.5,0.0,0.0
Sangkrah Provinsi : Jawa Tengah,Rembang,Sumber,13,0.0,0.0,0.0,0.0,0.0,1.5,36.0,0.0,0.0,4.5,0.0,0.0
Sangkrah Provinsi : Jawa Tengah,Rembang,Sumber,14,0.0,0.0,12.0,0.0,0.0,0.0,18.0,0.0,0.0,31.0,0.0,11.0
Sangkrah Provinsi : Jawa Tengah,Rembang,Sumber,15,0.0,0.0,0.0,0.0,0.0,0.0,11.5,0.0,0.0,12.0,0.0,22.0
Sangkrah Provinsi : Jawa Tengah,Rembang,Sumber,16,0.0,0.0,29.0,0.0,0.0,0.0,0.0,0.0,0.0,3.0,3.0,21.0
Sangkrah Provinsi : Jawa Tengah,Rembang,Sumber,17,0.0,0.0,0.0,0.0,23.5,23.0,0.0,0.0,28.5,12.0,0.0,11.0
Sangkrah Provinsi : Jawa Tengah,Rembang,Sumber,18,0.0,0.0,0.0,0.0,21.0,12.5,0.0,0.0,4.0,33.0,0.0,3.0
Sangkrah Provinsi : Jawa Tengah,Rembang,Sumber,19,9.0,0.0,31.0,11.5,7.5,3.0,0.0,0.0,0.0,21.0,0.0,9.0
Sangkrah Provinsi : Jawa Tengah,Rembang,Sumber,20,0.0,0.0,19.5,8.0,0.0,1.0,0.0,0.0,0.0,8.0,31.0,3.5
Sangkrah Provinsi : Jawa Tengah,Rembang,Sumber,21,0.0,11.0,11.0,0.0,0.0,0.0,0.0,0.0,0.0,4.5,21.0,8.0
Sangkrah Provinsi : Jawa Tengah,Rembang,Sumber,22,35.0,31.5,0.0,2.5,0.0,0.0,0.0,0.0,21.5,23.0,12.0,13.0
Sangkrah Provinsi : Jawa Tengah,Rembang,Sumber,23,11.0,21.0,4.5,6.0,0.0,0.0,0.0,0.0,19.0,4.5,34.0,18.0
Sangkrah Provinsi : Jawa Tengah,Rembang,Sumber,24,23.0,5.0,16.0,0.0,0.0,0.0,0.0,0.0,30.5,1.0,19.0,12.0
Sangkrah Provinsi : Jawa Tengah,Rembang,Sumber,25,2.5,36.0,21.0,3.5,1.0,0.0,0.0,0.0,7.0,0.0,11.0,6.0
Sangkrah Provinsi : Jawa Tengah,Rembang,Sumber,26,0.0,13.0,14.0,0.0,12.0,0.0,9.5,11.5,0.0,0.0,5.0,13.0
Sangkrah Provinsi : Jawa Tengah,Rembang,Sumber,27,0.0,0.0,0.0,0.0,2.0,0.0,3.0,3.0,0.0,0.0,20.0,7.0
Sangkrah Provinsi : Jawa Tengah,Rembang,Sumber,28,0.0,0.0,31.0,0.0,0.0,0.0,0.0,0.0,0.0,0.0,13.0,15.0
